[2026-09-30 22:27:53] production.ERROR: The C:\xampp\htdocs\elan-travel\bootstrap\cache directory must be present and writable. {"exception":"[object] (Exception(code: 0): The C:\\xampp\\htdocs\\elan-travel\\bootstrap\\cache directory must be present and writable. at C:\\xampp\\htdocs\\elan-travel\\vendor\\laravel\\framework\\src\\Illuminate\\Foundation\\PackageManifest.php:178)
[stacktrace]
#0 C:\\xampp\\htdocs\\elan-travel\\vendor\\laravel\\framework\\src\\Illuminate\\Foundation\\PackageManifest.php(131): Illuminate\\Foundation\\PackageManifest->write(Array)
#1 C:\\xampp\\htdocs\\elan-travel\\vendor\\laravel\\framework\\src\\Illuminate\\Foundation\\PackageManifest.php(107): Illuminate\\Foundation\\PackageManifest->build()
#2 C:\\xampp\\htdocs\\elan-travel\\vendor\\laravel\\framework\\src\\Illuminate\\Foundation\\PackageManifest.php(90): Illuminate\\Foundation\\PackageManifest->getManifest()
#3 C:\\xampp\\htdocs\\elan-travel\\vendor\\laravel\\framework\\src\\Illuminate\\Foundation\\PackageManifest.php(79): Illuminate\\Foundation\\PackageManifest->config('aliases')
#4 C:\\xampp\\htdocs\\elan-travel\\vendor\\laravel\\framework\\src\\Illuminate\\Foundation\\Bootstrap\\RegisterFacades.php(26): Illuminate\\Foundation\\PackageManifest->aliases()
#5 C:\\xampp\\htdocs\\elan-travel\\vendor\\laravel\\framework\\src\\Illuminate\\Foundation\\Application.php(265): Illuminate\\Foundation\\Bootstrap\\RegisterFacades->bootstrap(Object(Illuminate\\Foundation\\Application))
#6 C:\\xampp\\htdocs\\elan-travel\\vendor\\laravel\\framework\\src\\Illuminate\\Foundation\\Console\\Kernel.php(383): Illuminate\\Foundation\\Application->bootstrapWith(Array)
#7 C:\\xampp\\htdocs\\elan-travel\\vendor\\laravel\\framework\\src\\Illuminate\\Foundation\\Console\\Kernel.php(153): Illuminate\\Foundation\\Console\\Kernel->bootstrap()
#8 C:\\xampp\\htdocs\\elan-travel\\artisan(13): Illuminate\\Foundation\\Console\\Kernel->handle(Object(Symfony\\Component\\Console\\Input\\ArgvInput), Object(Symfony\\Component\\Console\\Output\\ConsoleOutput))
#9 {main}
"} 
[2026-09-30 22:28:41] production.ERROR: file_get_contents(C:\xampp\htdocs\elan-travel\.env): Failed to open stream: No such file or directory {"exception":"[object] (ErrorException(code: 0): file_get_contents(C:\\xampp\\htdocs\\elan-travel\\.env): Failed to open stream: No such file or directory at C:\\xampp\\htdocs\\elan-travel\\vendor\\laravel\\framework\\src\\Illuminate\\Foundation\\Console\\KeyGenerateCommand.php:111)
[stacktrace]
#0 C:\\xampp\\htdocs\\elan-travel\\vendor\\laravel\\framework\\src\\Illuminate\\Foundation\\Bootstrap\\HandleExceptions.php(270): Illuminate\\Foundation\\Bootstrap\\HandleExceptions->handleError(2, 'file_get_conten...', 'C:\\\\xampp\\\\htdocs...', 111)
#1 [internal function]: Illuminate\\Foundation\\Bootstrap\\HandleExceptions->Illuminate\\Foundation\\Bootstrap\\{closure}(2, 'file_get_conten...', 'C:\\\\xampp\\\\htdocs...', 111)
#2 C:\\xampp\\htdocs\\elan-travel\\vendor\\laravel\\framework\\src\\Illuminate\\Foundation\\Console\\KeyGenerateCommand.php(111): file_get_contents('C:\\\\xampp\\\\htdocs...')
#3 C:\\xampp\\htdocs\\elan-travel\\vendor\\laravel\\framework\\src\\Illuminate\\Foundation\\Console\\KeyGenerateCommand.php(93): Illuminate\\Foundation\\Console\\KeyGenerateCommand->writeNewEnvironmentFileWith('base64:gKPKiiEy...')
#4 C:\\xampp\\htdocs\\elan-travel\\vendor\\laravel\\framework\\src\\Illuminate\\Foundation\\Console\\KeyGenerateCommand.php(58): Illuminate\\Foundation\\Console\\KeyGenerateCommand->setKeyInEnvironmentFile('base64:gKPKiiEy...')
#5 C:\\xampp\\htdocs\\elan-travel\\vendor\\laravel\\framework\\src\\Illuminate\\Container\\BoundMethod.php(36): Illuminate\\Foundation\\Console\\KeyGenerateCommand->handle()
#6 C:\\xampp\\htdocs\\elan-travel\\vendor\\laravel\\framework\\src\\Illuminate\\Container\\Util.php(41): Illuminate\\Container\\BoundMethod::Illuminate\\Container\\{closure}()
#7 C:\\xampp\\htdocs\\elan-travel\\vendor\\laravel\\framework\\src\\Illuminate\\Container\\BoundMethod.php(93): Illuminate\\Container\\Util::unwrapIfClosure(Object(Closure))
#8 C:\\xampp\\htdocs\\elan-travel\\vendor\\laravel\\framework\\src\\Illuminate\\Container\\BoundMethod.php(35): Illuminate\\Container\\BoundMethod::callBoundMethod(Object(Illuminate\\Foundation\\Application), Array, Object(Closure))
#9 C:\\xampp\\htdocs\\elan-travel\\vendor\\laravel\\framework\\src\\Illuminate\\Container\\Container.php(661): Illuminate\\Container\\BoundMethod::call(Object(Illuminate\\Foundation\\Application), Array, Array, NULL)
#10 C:\\xampp\\htdocs\\elan-travel\\vendor\\laravel\\framework\\src\\Illuminate\\Console\\Command.php(183): Illuminate\\Container\\Container->call(Array)
#11 C:\\xampp\\htdocs\\elan-travel\\vendor\\symfony\\console\\Command\\Command.php(326): Illuminate\\Console\\Command->execute(Object(Symfony\\Component\\Console\\Input\\ArgvInput), Object(Illuminate\\Console\\OutputStyle))
#12 C:\\xampp\\htdocs\\elan-travel\\vendor\\laravel\\framework\\src\\Illuminate\\Console\\Command.php(152): Symfony\\Component\\Console\\Command\\Command->run(Object(Symfony\\Component\\Console\\Input\\ArgvInput), Object(Illuminate\\Console\\OutputStyle))
#13 C:\\xampp\\htdocs\\elan-travel\\vendor\\symfony\\console\\Application.php(1098): Illuminate\\Console\\Command->run(Object(Symfony\\Component\\Console\\Input\\ArgvInput), Object(Symfony\\Component\\Console\\Output\\ConsoleOutput))
#14 C:\\xampp\\htdocs\\elan-travel\\vendor\\symfony\\console\\Application.php(324): Symfony\\Component\\Console\\Application->doRunCommand(Object(Illuminate\\Foundation\\Console\\KeyGenerateCommand), Object(Symfony\\Component\\Console\\Input\\ArgvInput), Object(Symfony\\Component\\Console\\Output\\ConsoleOutput))
#15 C:\\xampp\\htdocs\\elan-travel\\vendor\\symfony\\console\\Application.php(175): Symfony\\Component\\Console\\Application->doRun(Object(Symfony\\Component\\Console\\Input\\ArgvInput), Object(Symfony\\Component\\Console\\Output\\ConsoleOutput))
#16 C:\\xampp\\htdocs\\elan-travel\\vendor\\laravel\\framework\\src\\Illuminate\\Console\\Application.php(102): Symfony\\Component\\Console\\Application->run(Object(Symfony\\Component\\Console\\Input\\ArgvInput), Object(Symfony\\Component\\Console\\Output\\ConsoleOutput))
#17 C:\\xampp\\htdocs\\elan-travel\\vendor\\laravel\\framework\\src\\Illuminate\\Foundation\\Console\\Kernel.php(155): Illuminate\\Console\\Application->run(Object(Symfony\\Component\\Console\\Input\\ArgvInput), Object(Symfony\\Component\\Console\\Output\\ConsoleOutput))
#18 C:\\xampp\\htdocs\\elan-travel\\artisan(13): Illuminate\\Foundation\\Console\\Kernel->handle(Object(Symfony\\Component\\Console\\Input\\ArgvInput), Object(Symfony\\Component\\Console\\Output\\ConsoleOutput))
#19 {main}
"} 
[2026-09-30 22:31:17] local.ERROR: SQLSTATE[42000]: Syntax error or access violation: 1103 Incorrect table name '' (SQL: create table `` (`id` int unsigned not null auto_increment primary key, `migration` varchar(255) not null, `batch` int not null) default character set utf8mb4 collate 'utf8mb4_unicode_ci') {"exception":"[object] (Illuminate\\Database\\QueryException(code: 42000): SQLSTATE[42000]: Syntax error or access violation: 1103 Incorrect table name '' (SQL: create table `` (`id` int unsigned not null auto_increment primary key, `migration` varchar(255) not null, `batch` int not null) default character set utf8mb4 collate 'utf8mb4_unicode_ci') at C:\\xampp\\htdocs\\elan-travel\\vendor\\laravel\\framework\\src\\Illuminate\\Database\\Connection.php:760)
[stacktrace]
#0 C:\\xampp\\htdocs\\elan-travel\\vendor\\laravel\\framework\\src\\Illuminate\\Database\\Connection.php(720): Illuminate\\Database\\Connection->runQueryCallback('create table ``...', Array, Object(Closure))
#1 C:\\xampp\\htdocs\\elan-travel\\vendor\\laravel\\framework\\src\\Illuminate\\Database\\Connection.php(534): Illuminate\\Database\\Connection->run('create table ``...', Array, Object(Closure))
#2 C:\\xampp\\htdocs\\elan-travel\\vendor\\laravel\\framework\\src\\Illuminate\\Database\\Schema\\Blueprint.php(109): Illuminate\\Database\\Connection->statement('create table ``...')
#3 C:\\xampp\\htdocs\\elan-travel\\vendor\\laravel\\framework\\src\\Illuminate\\Database\\Schema\\Builder.php(439): Illuminate\\Database\\Schema\\Blueprint->build(Object(Illuminate\\Database\\MySqlConnection), Object(Illuminate\\Database\\Schema\\Grammars\\MySqlGrammar))
#4 C:\\xampp\\htdocs\\elan-travel\\vendor\\laravel\\framework\\src\\Illuminate\\Database\\Schema\\Builder.php(281): Illuminate\\Database\\Schema\\Builder->build(Object(Illuminate\\Database\\Schema\\Blueprint))
#5 C:\\xampp\\htdocs\\elan-travel\\vendor\\laravel\\framework\\src\\Illuminate\\Database\\Migrations\\DatabaseMigrationRepository.php(150): Illuminate\\Database\\Schema\\Builder->create(NULL, Object(Closure))
#6 C:\\xampp\\htdocs\\elan-travel\\vendor\\laravel\\framework\\src\\Illuminate\\Database\\Console\\Migrations\\InstallCommand.php(54): Illuminate\\Database\\Migrations\\DatabaseMigrationRepository->createRepository()
#7 C:\\xampp\\htdocs\\elan-travel\\vendor\\laravel\\framework\\src\\Illuminate\\Container\\BoundMethod.php(36): Illuminate\\Database\\Console\\Migrations\\InstallCommand->handle()
#8 C:\\xampp\\htdocs\\elan-travel\\vendor\\laravel\\framework\\src\\Illuminate\\Container\\Util.php(41): Illuminate\\Container\\BoundMethod::Illuminate\\Container\\{closure}()
#9 C:\\xampp\\htdocs\\elan-travel\\vendor\\laravel\\framework\\src\\Illuminate\\Container\\BoundMethod.php(93): Illuminate\\Container\\Util::unwrapIfClosure(Object(Closure))
#10 C:\\xampp\\htdocs\\elan-travel\\vendor\\laravel\\framework\\src\\Illuminate\\Container\\BoundMethod.php(35): Illuminate\\Container\\BoundMethod::callBoundMethod(Object(Illuminate\\Foundation\\Application), Array, Object(Closure))
#11 C:\\xampp\\htdocs\\elan-travel\\vendor\\laravel\\framework\\src\\Illuminate\\Container\\Container.php(661): Illuminate\\Container\\BoundMethod::call(Object(Illuminate\\Foundation\\Application), Array, Array, NULL)
#12 C:\\xampp\\htdocs\\elan-travel\\vendor\\laravel\\framework\\src\\Illuminate\\Console\\Command.php(183): Illuminate\\Container\\Container->call(Array)
#13 C:\\xampp\\htdocs\\elan-travel\\vendor\\symfony\\console\\Command\\Command.php(326): Illuminate\\Console\\Command->execute(Object(Symfony\\Component\\Console\\Input\\ArrayInput), Object(Illuminate\\Console\\OutputStyle))
#14 C:\\xampp\\htdocs\\elan-travel\\vendor\\laravel\\framework\\src\\Illuminate\\Console\\Command.php(152): Symfony\\Component\\Console\\Command\\Command->run(Object(Symfony\\Component\\Console\\Input\\ArrayInput), Object(Illuminate\\Console\\OutputStyle))
#15 C:\\xampp\\htdocs\\elan-travel\\vendor\\laravel\\framework\\src\\Illuminate\\Console\\Concerns\\CallsCommands.php(67): Illuminate\\Console\\Command->run(Object(Symfony\\Component\\Console\\Input\\ArrayInput), Object(Symfony\\Component\\Console\\Output\\NullOutput))
#16 C:\\xampp\\htdocs\\elan-travel\\vendor\\laravel\\framework\\src\\Illuminate\\Console\\Concerns\\CallsCommands.php(40): Illuminate\\Console\\Command->runCommand('migrate:install', Array, Object(Symfony\\Component\\Console\\Output\\NullOutput))
#17 C:\\xampp\\htdocs\\elan-travel\\vendor\\laravel\\framework\\src\\Illuminate\\Database\\Console\\Migrations\\MigrateCommand.php(118): Illuminate\\Console\\Command->callSilent('migrate:install', Array)
#18 C:\\xampp\\htdocs\\elan-travel\\vendor\\laravel\\framework\\src\\Illuminate\\Console\\View\\Components\\Task.php(37): Illuminate\\Database\\Console\\Migrations\\MigrateCommand->Illuminate\\Database\\Console\\Migrations\\{closure}()
#19 C:\\xampp\\htdocs\\elan-travel\\vendor\\laravel\\framework\\src\\Illuminate\\Console\\View\\Components\\Factory.php(58): Illuminate\\Console\\View\\Components\\Task->render('Creating migrat...', Object(Closure))
#20 C:\\xampp\\htdocs\\elan-travel\\vendor\\laravel\\framework\\src\\Illuminate\\Database\\Console\\Migrations\\MigrateCommand.php(117): Illuminate\\Console\\View\\Components\\Factory->__call('task', Array)
#21 C:\\xampp\\htdocs\\elan-travel\\vendor\\laravel\\framework\\src\\Illuminate\\Database\\Console\\Migrations\\MigrateCommand.php(82): Illuminate\\Database\\Console\\Migrations\\MigrateCommand->prepareDatabase()
#22 C:\\xampp\\htdocs\\elan-travel\\vendor\\laravel\\framework\\src\\Illuminate\\Database\\Migrations\\Migrator.php(636): Illuminate\\Database\\Console\\Migrations\\MigrateCommand->Illuminate\\Database\\Console\\Migrations\\{closure}()
#23 C:\\xampp\\htdocs\\elan-travel\\vendor\\laravel\\framework\\src\\Illuminate\\Database\\Console\\Migrations\\MigrateCommand.php(81): Illuminate\\Database\\Migrations\\Migrator->usingConnection(NULL, Object(Closure))
#24 C:\\xampp\\htdocs\\elan-travel\\vendor\\laravel\\framework\\src\\Illuminate\\Container\\BoundMethod.php(36): Illuminate\\Database\\Console\\Migrations\\MigrateCommand->handle()
#25 C:\\xampp\\htdocs\\elan-travel\\vendor\\laravel\\framework\\src\\Illuminate\\Container\\Util.php(41): Illuminate\\Container\\BoundMethod::Illuminate\\Container\\{closure}()
#26 C:\\xampp\\htdocs\\elan-travel\\vendor\\laravel\\framework\\src\\Illuminate\\Container\\BoundMethod.php(93): Illuminate\\Container\\Util::unwrapIfClosure(Object(Closure))
#27 C:\\xampp\\htdocs\\elan-travel\\vendor\\laravel\\framework\\src\\Illuminate\\Container\\BoundMethod.php(35): Illuminate\\Container\\BoundMethod::callBoundMethod(Object(Illuminate\\Foundation\\Application), Array, Object(Closure))
#28 C:\\xampp\\htdocs\\elan-travel\\vendor\\laravel\\framework\\src\\Illuminate\\Container\\Container.php(661): Illuminate\\Container\\BoundMethod::call(Object(Illuminate\\Foundation\\Application), Array, Array, NULL)
#29 C:\\xampp\\htdocs\\elan-travel\\vendor\\laravel\\framework\\src\\Illuminate\\Console\\Command.php(183): Illuminate\\Container\\Container->call(Array)
#30 C:\\xampp\\htdocs\\elan-travel\\vendor\\symfony\\console\\Command\\Command.php(326): Illuminate\\Console\\Command->execute(Object(Symfony\\Component\\Console\\Input\\ArgvInput), Object(Illuminate\\Console\\OutputStyle))
#31 C:\\xampp\\htdocs\\elan-travel\\vendor\\laravel\\framework\\src\\Illuminate\\Console\\Command.php(152): Symfony\\Component\\Console\\Command\\Command->run(Object(Symfony\\Component\\Console\\Input\\ArgvInput), Object(Illuminate\\Console\\OutputStyle))
#32 C:\\xampp\\htdocs\\elan-travel\\vendor\\symfony\\console\\Application.php(1098): Illuminate\\Console\\Command->run(Object(Symfony\\Component\\Console\\Input\\ArgvInput), Object(Symfony\\Component\\Console\\Output\\ConsoleOutput))
#33 C:\\xampp\\htdocs\\elan-travel\\vendor\\symfony\\console\\Application.php(324): Symfony\\Component\\Console\\Application->doRunCommand(Object(Illuminate\\Database\\Console\\Migrations\\MigrateCommand), Object(Symfony\\Component\\Console\\Input\\ArgvInput), Object(Symfony\\Component\\Console\\Output\\ConsoleOutput))
#34 C:\\xampp\\htdocs\\elan-travel\\vendor\\symfony\\console\\Application.php(175): Symfony\\Component\\Console\\Application->doRun(Object(Symfony\\Component\\Console\\Input\\ArgvInput), Object(Symfony\\Component\\Console\\Output\\ConsoleOutput))
#35 C:\\xampp\\htdocs\\elan-travel\\vendor\\laravel\\framework\\src\\Illuminate\\Console\\Application.php(102): Symfony\\Component\\Console\\Application->run(Object(Symfony\\Component\\Console\\Input\\ArgvInput), Object(Symfony\\Component\\Console\\Output\\ConsoleOutput))
#36 C:\\xampp\\htdocs\\elan-travel\\vendor\\laravel\\framework\\src\\Illuminate\\Foundation\\Console\\Kernel.php(155): Illuminate\\Console\\Application->run(Object(Symfony\\Component\\Console\\Input\\ArgvInput), Object(Symfony\\Component\\Console\\Output\\ConsoleOutput))
#37 C:\\xampp\\htdocs\\elan-travel\\artisan(13): Illuminate\\Foundation\\Console\\Kernel->handle(Object(Symfony\\Component\\Console\\Input\\ArgvInput), Object(Symfony\\Component\\Console\\Output\\ConsoleOutput))
#38 {main}

[previous exception] [object] (PDOException(code: 42000): SQLSTATE[42000]: Syntax error or access violation: 1103 Incorrect table name '' at C:\\xampp\\htdocs\\elan-travel\\vendor\\laravel\\framework\\src\\Illuminate\\Database\\Connection.php:539)
[stacktrace]
#0 C:\\xampp\\htdocs\\elan-travel\\vendor\\laravel\\framework\\src\\Illuminate\\Database\\Connection.php(539): PDO->prepare('create table ``...')
#1 C:\\xampp\\htdocs\\elan-travel\\vendor\\laravel\\framework\\src\\Illuminate\\Database\\Connection.php(753): Illuminate\\Database\\Connection->Illuminate\\Database\\{closure}('create table ``...', Array)
#2 C:\\xampp\\htdocs\\elan-travel\\vendor\\laravel\\framework\\src\\Illuminate\\Database\\Connection.php(720): Illuminate\\Database\\Connection->runQueryCallback('create table ``...', Array, Object(Closure))
#3 C:\\xampp\\htdocs\\elan-travel\\vendor\\laravel\\framework\\src\\Illuminate\\Database\\Connection.php(534): Illuminate\\Database\\Connection->run('create table ``...', Array, Object(Closure))
#4 C:\\xampp\\htdocs\\elan-travel\\vendor\\laravel\\framework\\src\\Illuminate\\Database\\Schema\\Blueprint.php(109): Illuminate\\Database\\Connection->statement('create table ``...')
#5 C:\\xampp\\htdocs\\elan-travel\\vendor\\laravel\\framework\\src\\Illuminate\\Database\\Schema\\Builder.php(439): Illuminate\\Database\\Schema\\Blueprint->build(Object(Illuminate\\Database\\MySqlConnection), Object(Illuminate\\Database\\Schema\\Grammars\\MySqlGrammar))
#6 C:\\xampp\\htdocs\\elan-travel\\vendor\\laravel\\framework\\src\\Illuminate\\Database\\Schema\\Builder.php(281): Illuminate\\Database\\Schema\\Builder->build(Object(Illuminate\\Database\\Schema\\Blueprint))
#7 C:\\xampp\\htdocs\\elan-travel\\vendor\\laravel\\framework\\src\\Illuminate\\Database\\Migrations\\DatabaseMigrationRepository.php(150): Illuminate\\Database\\Schema\\Builder->create(NULL, Object(Closure))
#8 C:\\xampp\\htdocs\\elan-travel\\vendor\\laravel\\framework\\src\\Illuminate\\Database\\Console\\Migrations\\InstallCommand.php(54): Illuminate\\Database\\Migrations\\DatabaseMigrationRepository->createRepository()
#9 C:\\xampp\\htdocs\\elan-travel\\vendor\\laravel\\framework\\src\\Illuminate\\Container\\BoundMethod.php(36): Illuminate\\Database\\Console\\Migrations\\InstallCommand->handle()
#10 C:\\xampp\\htdocs\\elan-travel\\vendor\\laravel\\framework\\src\\Illuminate\\Container\\Util.php(41): Illuminate\\Container\\BoundMethod::Illuminate\\Container\\{closure}()
#11 C:\\xampp\\htdocs\\elan-travel\\vendor\\laravel\\framework\\src\\Illuminate\\Container\\BoundMethod.php(93): Illuminate\\Container\\Util::unwrapIfClosure(Object(Closure))
#12 C:\\xampp\\htdocs\\elan-travel\\vendor\\laravel\\framework\\src\\Illuminate\\Container\\BoundMethod.php(35): Illuminate\\Container\\BoundMethod::callBoundMethod(Object(Illuminate\\Foundation\\Application), Array, Object(Closure))
#13 C:\\xampp\\htdocs\\elan-travel\\vendor\\laravel\\framework\\src\\Illuminate\\Container\\Container.php(661): Illuminate\\Container\\BoundMethod::call(Object(Illuminate\\Foundation\\Application), Array, Array, NULL)
#14 C:\\xampp\\htdocs\\elan-travel\\vendor\\laravel\\framework\\src\\Illuminate\\Console\\Command.php(183): Illuminate\\Container\\Container->call(Array)
#15 C:\\xampp\\htdocs\\elan-travel\\vendor\\symfony\\console\\Command\\Command.php(326): Illuminate\\Console\\Command->execute(Object(Symfony\\Component\\Console\\Input\\ArrayInput), Object(Illuminate\\Console\\OutputStyle))
#16 C:\\xampp\\htdocs\\elan-travel\\vendor\\laravel\\framework\\src\\Illuminate\\Console\\Command.php(152): Symfony\\Component\\Console\\Command\\Command->run(Object(Symfony\\Component\\Console\\Input\\ArrayInput), Object(Illuminate\\Console\\OutputStyle))
#17 C:\\xampp\\htdocs\\elan-travel\\vendor\\laravel\\framework\\src\\Illuminate\\Console\\Concerns\\CallsCommands.php(67): Illuminate\\Console\\Command->run(Object(Symfony\\Component\\Console\\Input\\ArrayInput), Object(Symfony\\Component\\Console\\Output\\NullOutput))
#18 C:\\xampp\\htdocs\\elan-travel\\vendor\\laravel\\framework\\src\\Illuminate\\Console\\Concerns\\CallsCommands.php(40): Illuminate\\Console\\Command->runCommand('migrate:install', Array, Object(Symfony\\Component\\Console\\Output\\NullOutput))
#19 C:\\xampp\\htdocs\\elan-travel\\vendor\\laravel\\framework\\src\\Illuminate\\Database\\Console\\Migrations\\MigrateCommand.php(118): Illuminate\\Console\\Command->callSilent('migrate:install', Array)
#20 C:\\xampp\\htdocs\\elan-travel\\vendor\\laravel\\framework\\src\\Illuminate\\Console\\View\\Components\\Task.php(37): Illuminate\\Database\\Console\\Migrations\\MigrateCommand->Illuminate\\Database\\Console\\Migrations\\{closure}()
#21 C:\\xampp\\htdocs\\elan-travel\\vendor\\laravel\\framework\\src\\Illuminate\\Console\\View\\Components\\Factory.php(58): Illuminate\\Console\\View\\Components\\Task->render('Creating migrat...', Object(Closure))
#22 C:\\xampp\\htdocs\\elan-travel\\vendor\\laravel\\framework\\src\\Illuminate\\Database\\Console\\Migrations\\MigrateCommand.php(117): Illuminate\\Console\\View\\Components\\Factory->__call('task', Array)
#23 C:\\xampp\\htdocs\\elan-travel\\vendor\\laravel\\framework\\src\\Illuminate\\Database\\Console\\Migrations\\MigrateCommand.php(82): Illuminate\\Database\\Console\\Migrations\\MigrateCommand->prepareDatabase()
#24 C:\\xampp\\htdocs\\elan-travel\\vendor\\laravel\\framework\\src\\Illuminate\\Database\\Migrations\\Migrator.php(636): Illuminate\\Database\\Console\\Migrations\\MigrateCommand->Illuminate\\Database\\Console\\Migrations\\{closure}()
#25 C:\\xampp\\htdocs\\elan-travel\\vendor\\laravel\\framework\\src\\Illuminate\\Database\\Console\\Migrations\\MigrateCommand.php(81): Illuminate\\Database\\Migrations\\Migrator->usingConnection(NULL, Object(Closure))
#26 C:\\xampp\\htdocs\\elan-travel\\vendor\\laravel\\framework\\src\\Illuminate\\Container\\BoundMethod.php(36): Illuminate\\Database\\Console\\Migrations\\MigrateCommand->handle()
#27 C:\\xampp\\htdocs\\elan-travel\\vendor\\laravel\\framework\\src\\Illuminate\\Container\\Util.php(41): Illuminate\\Container\\BoundMethod::Illuminate\\Container\\{closure}()
#28 C:\\xampp\\htdocs\\elan-travel\\vendor\\laravel\\framework\\src\\Illuminate\\Container\\BoundMethod.php(93): Illuminate\\Container\\Util::unwrapIfClosure(Object(Closure))
#29 C:\\xampp\\htdocs\\elan-travel\\vendor\\laravel\\framework\\src\\Illuminate\\Container\\BoundMethod.php(35): Illuminate\\Container\\BoundMethod::callBoundMethod(Object(Illuminate\\Foundation\\Application), Array, Object(Closure))
#30 C:\\xampp\\htdocs\\elan-travel\\vendor\\laravel\\framework\\src\\Illuminate\\Container\\Container.php(661): Illuminate\\Container\\BoundMethod::call(Object(Illuminate\\Foundation\\Application), Array, Array, NULL)
#31 C:\\xampp\\htdocs\\elan-travel\\vendor\\laravel\\framework\\src\\Illuminate\\Console\\Command.php(183): Illuminate\\Container\\Container->call(Array)
#32 C:\\xampp\\htdocs\\elan-travel\\vendor\\symfony\\console\\Command\\Command.php(326): Illuminate\\Console\\Command->execute(Object(Symfony\\Component\\Console\\Input\\ArgvInput), Object(Illuminate\\Console\\OutputStyle))
#33 C:\\xampp\\htdocs\\elan-travel\\vendor\\laravel\\framework\\src\\Illuminate\\Console\\Command.php(152): Symfony\\Component\\Console\\Command\\Command->run(Object(Symfony\\Component\\Console\\Input\\ArgvInput), Object(Illuminate\\Console\\OutputStyle))
#34 C:\\xampp\\htdocs\\elan-travel\\vendor\\symfony\\console\\Application.php(1098): Illuminate\\Console\\Command->run(Object(Symfony\\Component\\Console\\Input\\ArgvInput), Object(Symfony\\Component\\Console\\Output\\ConsoleOutput))
#35 C:\\xampp\\htdocs\\elan-travel\\vendor\\symfony\\console\\Application.php(324): Symfony\\Component\\Console\\Application->doRunCommand(Object(Illuminate\\Database\\Console\\Migrations\\MigrateCommand), Object(Symfony\\Component\\Console\\Input\\ArgvInput), Object(Symfony\\Component\\Console\\Output\\ConsoleOutput))
#36 C:\\xampp\\htdocs\\elan-travel\\vendor\\symfony\\console\\Application.php(175): Symfony\\Component\\Console\\Application->doRun(Object(Symfony\\Component\\Console\\Input\\ArgvInput), Object(Symfony\\Component\\Console\\Output\\ConsoleOutput))
#37 C:\\xampp\\htdocs\\elan-travel\\vendor\\laravel\\framework\\src\\Illuminate\\Console\\Application.php(102): Symfony\\Component\\Console\\Application->run(Object(Symfony\\Component\\Console\\Input\\ArgvInput), Object(Symfony\\Component\\Console\\Output\\ConsoleOutput))
#38 C:\\xampp\\htdocs\\elan-travel\\vendor\\laravel\\framework\\src\\Illuminate\\Foundation\\Console\\Kernel.php(155): Illuminate\\Console\\Application->run(Object(Symfony\\Component\\Console\\Input\\ArgvInput), Object(Symfony\\Component\\Console\\Output\\ConsoleOutput))
#39 C:\\xampp\\htdocs\\elan-travel\\artisan(13): Illuminate\\Foundation\\Console\\Kernel->handle(Object(Symfony\\Component\\Console\\Input\\ArgvInput), Object(Symfony\\Component\\Console\\Output\\ConsoleOutput))
#40 {main}
"} 
[2026-09-30 22:35:28] local.ERROR: file_put_contents(C:\xampp\htdocs\elan-travel\storage\framework/sessions/8HtESbZ8bUrWfBx9WchF09hH8I3GlQSusxrPLQ4L): Failed to open stream: No such file or directory {"exception":"[object] (ErrorException(code: 0): file_put_contents(C:\\xampp\\htdocs\\elan-travel\\storage\\framework/sessions/8HtESbZ8bUrWfBx9WchF09hH8I3GlQSusxrPLQ4L): Failed to open stream: No such file or directory at C:\\xampp\\htdocs\\elan-travel\\vendor\\laravel\\framework\\src\\Illuminate\\Filesystem\\Filesystem.php:190)
[stacktrace]
#0 C:\\xampp\\htdocs\\elan-travel\\vendor\\laravel\\framework\\src\\Illuminate\\Foundation\\Bootstrap\\HandleExceptions.php(270): Illuminate\\Foundation\\Bootstrap\\HandleExceptions->handleError(2, 'file_put_conten...', 'C:\\\\xampp\\\\htdocs...', 190)
#1 [internal function]: Illuminate\\Foundation\\Bootstrap\\HandleExceptions->Illuminate\\Foundation\\Bootstrap\\{closure}(2, 'file_put_conten...', 'C:\\\\xampp\\\\htdocs...', 190)
#2 C:\\xampp\\htdocs\\elan-travel\\vendor\\laravel\\framework\\src\\Illuminate\\Filesystem\\Filesystem.php(190): file_put_contents('C:\\\\xampp\\\\htdocs...', 'a:3:{s:6:\"_toke...', 2)
#3 C:\\xampp\\htdocs\\elan-travel\\vendor\\laravel\\framework\\src\\Illuminate\\Session\\FileSessionHandler.php(90): Illuminate\\Filesystem\\Filesystem->put('C:\\\\xampp\\\\htdocs...', 'a:3:{s:6:\"_toke...', true)
#4 C:\\xampp\\htdocs\\elan-travel\\vendor\\laravel\\framework\\src\\Illuminate\\Session\\Store.php(172): Illuminate\\Session\\FileSessionHandler->write('8HtESbZ8bUrWfBx...', 'a:3:{s:6:\"_toke...')
#5 C:\\xampp\\htdocs\\elan-travel\\vendor\\laravel\\framework\\src\\Illuminate\\Session\\Middleware\\StartSession.php(238): Illuminate\\Session\\Store->save()
#6 C:\\xampp\\htdocs\\elan-travel\\vendor\\laravel\\framework\\src\\Illuminate\\Session\\Middleware\\StartSession.php(130): Illuminate\\Session\\Middleware\\StartSession->saveSession(Object(Illuminate\\Http\\Request))
#7 C:\\xampp\\htdocs\\elan-travel\\vendor\\laravel\\framework\\src\\Illuminate\\Session\\Middleware\\StartSession.php(64): Illuminate\\Session\\Middleware\\StartSession->handleStatefulRequest(Object(Illuminate\\Http\\Request), Object(Illuminate\\Session\\Store), Object(Closure))
#8 C:\\xampp\\htdocs\\elan-travel\\vendor\\laravel\\framework\\src\\Illuminate\\Pipeline\\Pipeline.php(180): Illuminate\\Session\\Middleware\\StartSession->handle(Object(Illuminate\\Http\\Request), Object(Closure))
#9 C:\\xampp\\htdocs\\elan-travel\\vendor\\laravel\\framework\\src\\Illuminate\\Cookie\\Middleware\\AddQueuedCookiesToResponse.php(37): Illuminate\\Pipeline\\Pipeline->Illuminate\\Pipeline\\{closure}(Object(Illuminate\\Http\\Request))
#10 C:\\xampp\\htdocs\\elan-travel\\vendor\\laravel\\framework\\src\\Illuminate\\Pipeline\\Pipeline.php(180): Illuminate\\Cookie\\Middleware\\AddQueuedCookiesToResponse->handle(Object(Illuminate\\Http\\Request), Object(Closure))
#11 C:\\xampp\\htdocs\\elan-travel\\vendor\\laravel\\framework\\src\\Illuminate\\Cookie\\Middleware\\EncryptCookies.php(67): Illuminate\\Pipeline\\Pipeline->Illuminate\\Pipeline\\{closure}(Object(Illuminate\\Http\\Request))
#12 C:\\xampp\\htdocs\\elan-travel\\vendor\\laravel\\framework\\src\\Illuminate\\Pipeline\\Pipeline.php(180): Illuminate\\Cookie\\Middleware\\EncryptCookies->handle(Object(Illuminate\\Http\\Request), Object(Closure))
#13 C:\\xampp\\htdocs\\elan-travel\\vendor\\laravel\\framework\\src\\Illuminate\\Pipeline\\Pipeline.php(116): Illuminate\\Pipeline\\Pipeline->Illuminate\\Pipeline\\{closure}(Object(Illuminate\\Http\\Request))
#14 C:\\xampp\\htdocs\\elan-travel\\vendor\\laravel\\framework\\src\\Illuminate\\Routing\\Router.php(797): Illuminate\\Pipeline\\Pipeline->then(Object(Closure))
#15 C:\\xampp\\htdocs\\elan-travel\\vendor\\laravel\\framework\\src\\Illuminate\\Routing\\Router.php(776): Illuminate\\Routing\\Router->runRouteWithinStack(Object(Illuminate\\Routing\\Route), Object(Illuminate\\Http\\Request))
#16 C:\\xampp\\htdocs\\elan-travel\\vendor\\laravel\\framework\\src\\Illuminate\\Routing\\Router.php(740): Illuminate\\Routing\\Router->runRoute(Object(Illuminate\\Http\\Request), Object(Illuminate\\Routing\\Route))
#17 C:\\xampp\\htdocs\\elan-travel\\vendor\\laravel\\framework\\src\\Illuminate\\Routing\\Router.php(729): Illuminate\\Routing\\Router->dispatchToRoute(Object(Illuminate\\Http\\Request))
#18 C:\\xampp\\htdocs\\elan-travel\\vendor\\laravel\\framework\\src\\Illuminate\\Foundation\\Http\\Kernel.php(190): Illuminate\\Routing\\Router->dispatch(Object(Illuminate\\Http\\Request))
#19 C:\\xampp\\htdocs\\elan-travel\\vendor\\laravel\\framework\\src\\Illuminate\\Pipeline\\Pipeline.php(141): Illuminate\\Foundation\\Http\\Kernel->Illuminate\\Foundation\\Http\\{closure}(Object(Illuminate\\Http\\Request))
#20 C:\\xampp\\htdocs\\elan-travel\\vendor\\laravel\\framework\\src\\Illuminate\\Foundation\\Http\\Middleware\\TransformsRequest.php(21): Illuminate\\Pipeline\\Pipeline->Illuminate\\Pipeline\\{closure}(Object(Illuminate\\Http\\Request))
#21 C:\\xampp\\htdocs\\elan-travel\\vendor\\laravel\\framework\\src\\Illuminate\\Foundation\\Http\\Middleware\\ConvertEmptyStringsToNull.php(31): Illuminate\\Foundation\\Http\\Middleware\\TransformsRequest->handle(Object(Illuminate\\Http\\Request), Object(Closure))
#22 C:\\xampp\\htdocs\\elan-travel\\vendor\\laravel\\framework\\src\\Illuminate\\Pipeline\\Pipeline.php(180): Illuminate\\Foundation\\Http\\Middleware\\ConvertEmptyStringsToNull->handle(Object(Illuminate\\Http\\Request), Object(Closure))
#23 C:\\xampp\\htdocs\\elan-travel\\vendor\\laravel\\framework\\src\\Illuminate\\Foundation\\Http\\Middleware\\TransformsRequest.php(21): Illuminate\\Pipeline\\Pipeline->Illuminate\\Pipeline\\{closure}(Object(Illuminate\\Http\\Request))
#24 C:\\xampp\\htdocs\\elan-travel\\vendor\\laravel\\framework\\src\\Illuminate\\Foundation\\Http\\Middleware\\TrimStrings.php(40): Illuminate\\Foundation\\Http\\Middleware\\TransformsRequest->handle(Object(Illuminate\\Http\\Request), Object(Closure))
#25 C:\\xampp\\htdocs\\elan-travel\\vendor\\laravel\\framework\\src\\Illuminate\\Pipeline\\Pipeline.php(180): Illuminate\\Foundation\\Http\\Middleware\\TrimStrings->handle(Object(Illuminate\\Http\\Request), Object(Closure))
#26 C:\\xampp\\htdocs\\elan-travel\\vendor\\laravel\\framework\\src\\Illuminate\\Foundation\\Http\\Middleware\\ValidatePostSize.php(27): Illuminate\\Pipeline\\Pipeline->Illuminate\\Pipeline\\{closure}(Object(Illuminate\\Http\\Request))
#27 C:\\xampp\\htdocs\\elan-travel\\vendor\\laravel\\framework\\src\\Illuminate\\Pipeline\\Pipeline.php(180): Illuminate\\Foundation\\Http\\Middleware\\ValidatePostSize->handle(Object(Illuminate\\Http\\Request), Object(Closure))
#28 C:\\xampp\\htdocs\\elan-travel\\vendor\\laravel\\framework\\src\\Illuminate\\Foundation\\Http\\Middleware\\PreventRequestsDuringMaintenance.php(86): Illuminate\\Pipeline\\Pipeline->Illuminate\\Pipeline\\{closure}(Object(Illuminate\\Http\\Request))
#29 C:\\xampp\\htdocs\\elan-travel\\vendor\\laravel\\framework\\src\\Illuminate\\Pipeline\\Pipeline.php(180): Illuminate\\Foundation\\Http\\Middleware\\PreventRequestsDuringMaintenance->handle(Object(Illuminate\\Http\\Request), Object(Closure))
#30 C:\\xampp\\htdocs\\elan-travel\\vendor\\laravel\\framework\\src\\Illuminate\\Http\\Middleware\\HandleCors.php(49): Illuminate\\Pipeline\\Pipeline->Illuminate\\Pipeline\\{closure}(Object(Illuminate\\Http\\Request))
#31 C:\\xampp\\htdocs\\elan-travel\\vendor\\laravel\\framework\\src\\Illuminate\\Pipeline\\Pipeline.php(180): Illuminate\\Http\\Middleware\\HandleCors->handle(Object(Illuminate\\Http\\Request), Object(Closure))
#32 C:\\xampp\\htdocs\\elan-travel\\vendor\\laravel\\framework\\src\\Illuminate\\Http\\Middleware\\TrustProxies.php(39): Illuminate\\Pipeline\\Pipeline->Illuminate\\Pipeline\\{closure}(Object(Illuminate\\Http\\Request))
#33 C:\\xampp\\htdocs\\elan-travel\\vendor\\laravel\\framework\\src\\Illuminate\\Pipeline\\Pipeline.php(180): Illuminate\\Http\\Middleware\\TrustProxies->handle(Object(Illuminate\\Http\\Request), Object(Closure))
#34 C:\\xampp\\htdocs\\elan-travel\\vendor\\laravel\\framework\\src\\Illuminate\\Pipeline\\Pipeline.php(116): Illuminate\\Pipeline\\Pipeline->Illuminate\\Pipeline\\{closure}(Object(Illuminate\\Http\\Request))
#35 C:\\xampp\\htdocs\\elan-travel\\vendor\\laravel\\framework\\src\\Illuminate\\Foundation\\Http\\Kernel.php(165): Illuminate\\Pipeline\\Pipeline->then(Object(Closure))
#36 C:\\xampp\\htdocs\\elan-travel\\vendor\\laravel\\framework\\src\\Illuminate\\Foundation\\Http\\Kernel.php(134): Illuminate\\Foundation\\Http\\Kernel->sendRequestThroughRouter(Object(Illuminate\\Http\\Request))
#37 C:\\xampp\\htdocs\\elan-travel\\public\\index.php(11): Illuminate\\Foundation\\Http\\Kernel->handle(Object(Illuminate\\Http\\Request))
#38 C:\\xampp\\htdocs\\elan-travel\\vendor\\laravel\\framework\\src\\Illuminate\\Foundation\\resources\\server.php(16): require_once('C:\\\\xampp\\\\htdocs...')
#39 {main}
"} 
[2026-09-30 22:35:29] local.ERROR: file_put_contents(C:\xampp\htdocs\elan-travel\storage\framework/sessions/dSqzF0oEAp6iNriG740ZAB0pMEOlcohA9rkltfLz): Failed to open stream: No such file or directory {"exception":"[object] (ErrorException(code: 0): file_put_contents(C:\\xampp\\htdocs\\elan-travel\\storage\\framework/sessions/dSqzF0oEAp6iNriG740ZAB0pMEOlcohA9rkltfLz): Failed to open stream: No such file or directory at C:\\xampp\\htdocs\\elan-travel\\vendor\\laravel\\framework\\src\\Illuminate\\Filesystem\\Filesystem.php:190)
[stacktrace]
#0 C:\\xampp\\htdocs\\elan-travel\\vendor\\laravel\\framework\\src\\Illuminate\\Foundation\\Bootstrap\\HandleExceptions.php(270): Illuminate\\Foundation\\Bootstrap\\HandleExceptions->handleError(2, 'file_put_conten...', 'C:\\\\xampp\\\\htdocs...', 190)
#1 [internal function]: Illuminate\\Foundation\\Bootstrap\\HandleExceptions->Illuminate\\Foundation\\Bootstrap\\{closure}(2, 'file_put_conten...', 'C:\\\\xampp\\\\htdocs...', 190)
#2 C:\\xampp\\htdocs\\elan-travel\\vendor\\laravel\\framework\\src\\Illuminate\\Filesystem\\Filesystem.php(190): file_put_contents('C:\\\\xampp\\\\htdocs...', 'a:3:{s:6:\"_toke...', 2)
#3 C:\\xampp\\htdocs\\elan-travel\\vendor\\laravel\\framework\\src\\Illuminate\\Session\\FileSessionHandler.php(90): Illuminate\\Filesystem\\Filesystem->put('C:\\\\xampp\\\\htdocs...', 'a:3:{s:6:\"_toke...', true)
#4 C:\\xampp\\htdocs\\elan-travel\\vendor\\laravel\\framework\\src\\Illuminate\\Session\\Store.php(172): Illuminate\\Session\\FileSessionHandler->write('dSqzF0oEAp6iNri...', 'a:3:{s:6:\"_toke...')
#5 C:\\xampp\\htdocs\\elan-travel\\vendor\\laravel\\framework\\src\\Illuminate\\Session\\Middleware\\StartSession.php(238): Illuminate\\Session\\Store->save()
#6 C:\\xampp\\htdocs\\elan-travel\\vendor\\laravel\\framework\\src\\Illuminate\\Session\\Middleware\\StartSession.php(130): Illuminate\\Session\\Middleware\\StartSession->saveSession(Object(Illuminate\\Http\\Request))
#7 C:\\xampp\\htdocs\\elan-travel\\vendor\\laravel\\framework\\src\\Illuminate\\Session\\Middleware\\StartSession.php(64): Illuminate\\Session\\Middleware\\StartSession->handleStatefulRequest(Object(Illuminate\\Http\\Request), Object(Illuminate\\Session\\Store), Object(Closure))
#8 C:\\xampp\\htdocs\\elan-travel\\vendor\\laravel\\framework\\src\\Illuminate\\Pipeline\\Pipeline.php(180): Illuminate\\Session\\Middleware\\StartSession->handle(Object(Illuminate\\Http\\Request), Object(Closure))
#9 C:\\xampp\\htdocs\\elan-travel\\vendor\\laravel\\framework\\src\\Illuminate\\Cookie\\Middleware\\AddQueuedCookiesToResponse.php(37): Illuminate\\Pipeline\\Pipeline->Illuminate\\Pipeline\\{closure}(Object(Illuminate\\Http\\Request))
#10 C:\\xampp\\htdocs\\elan-travel\\vendor\\laravel\\framework\\src\\Illuminate\\Pipeline\\Pipeline.php(180): Illuminate\\Cookie\\Middleware\\AddQueuedCookiesToResponse->handle(Object(Illuminate\\Http\\Request), Object(Closure))
#11 C:\\xampp\\htdocs\\elan-travel\\vendor\\laravel\\framework\\src\\Illuminate\\Cookie\\Middleware\\EncryptCookies.php(67): Illuminate\\Pipeline\\Pipeline->Illuminate\\Pipeline\\{closure}(Object(Illuminate\\Http\\Request))
#12 C:\\xampp\\htdocs\\elan-travel\\vendor\\laravel\\framework\\src\\Illuminate\\Pipeline\\Pipeline.php(180): Illuminate\\Cookie\\Middleware\\EncryptCookies->handle(Object(Illuminate\\Http\\Request), Object(Closure))
#13 C:\\xampp\\htdocs\\elan-travel\\vendor\\laravel\\framework\\src\\Illuminate\\Pipeline\\Pipeline.php(116): Illuminate\\Pipeline\\Pipeline->Illuminate\\Pipeline\\{closure}(Object(Illuminate\\Http\\Request))
#14 C:\\xampp\\htdocs\\elan-travel\\vendor\\laravel\\framework\\src\\Illuminate\\Routing\\Router.php(797): Illuminate\\Pipeline\\Pipeline->then(Object(Closure))
#15 C:\\xampp\\htdocs\\elan-travel\\vendor\\laravel\\framework\\src\\Illuminate\\Routing\\Router.php(776): Illuminate\\Routing\\Router->runRouteWithinStack(Object(Illuminate\\Routing\\Route), Object(Illuminate\\Http\\Request))
#16 C:\\xampp\\htdocs\\elan-travel\\vendor\\laravel\\framework\\src\\Illuminate\\Routing\\Router.php(740): Illuminate\\Routing\\Router->runRoute(Object(Illuminate\\Http\\Request), Object(Illuminate\\Routing\\Route))
#17 C:\\xampp\\htdocs\\elan-travel\\vendor\\laravel\\framework\\src\\Illuminate\\Routing\\Router.php(729): Illuminate\\Routing\\Router->dispatchToRoute(Object(Illuminate\\Http\\Request))
#18 C:\\xampp\\htdocs\\elan-travel\\vendor\\laravel\\framework\\src\\Illuminate\\Foundation\\Http\\Kernel.php(190): Illuminate\\Routing\\Router->dispatch(Object(Illuminate\\Http\\Request))
#19 C:\\xampp\\htdocs\\elan-travel\\vendor\\laravel\\framework\\src\\Illuminate\\Pipeline\\Pipeline.php(141): Illuminate\\Foundation\\Http\\Kernel->Illuminate\\Foundation\\Http\\{closure}(Object(Illuminate\\Http\\Request))
#20 C:\\xampp\\htdocs\\elan-travel\\vendor\\laravel\\framework\\src\\Illuminate\\Foundation\\Http\\Middleware\\TransformsRequest.php(21): Illuminate\\Pipeline\\Pipeline->Illuminate\\Pipeline\\{closure}(Object(Illuminate\\Http\\Request))
#21 C:\\xampp\\htdocs\\elan-travel\\vendor\\laravel\\framework\\src\\Illuminate\\Foundation\\Http\\Middleware\\ConvertEmptyStringsToNull.php(31): Illuminate\\Foundation\\Http\\Middleware\\TransformsRequest->handle(Object(Illuminate\\Http\\Request), Object(Closure))
#22 C:\\xampp\\htdocs\\elan-travel\\vendor\\laravel\\framework\\src\\Illuminate\\Pipeline\\Pipeline.php(180): Illuminate\\Foundation\\Http\\Middleware\\ConvertEmptyStringsToNull->handle(Object(Illuminate\\Http\\Request), Object(Closure))
#23 C:\\xampp\\htdocs\\elan-travel\\vendor\\laravel\\framework\\src\\Illuminate\\Foundation\\Http\\Middleware\\TransformsRequest.php(21): Illuminate\\Pipeline\\Pipeline->Illuminate\\Pipeline\\{closure}(Object(Illuminate\\Http\\Request))
#24 C:\\xampp\\htdocs\\elan-travel\\vendor\\laravel\\framework\\src\\Illuminate\\Foundation\\Http\\Middleware\\TrimStrings.php(40): Illuminate\\Foundation\\Http\\Middleware\\TransformsRequest->handle(Object(Illuminate\\Http\\Request), Object(Closure))
#25 C:\\xampp\\htdocs\\elan-travel\\vendor\\laravel\\framework\\src\\Illuminate\\Pipeline\\Pipeline.php(180): Illuminate\\Foundation\\Http\\Middleware\\TrimStrings->handle(Object(Illuminate\\Http\\Request), Object(Closure))
#26 C:\\xampp\\htdocs\\elan-travel\\vendor\\laravel\\framework\\src\\Illuminate\\Foundation\\Http\\Middleware\\ValidatePostSize.php(27): Illuminate\\Pipeline\\Pipeline->Illuminate\\Pipeline\\{closure}(Object(Illuminate\\Http\\Request))
#27 C:\\xampp\\htdocs\\elan-travel\\vendor\\laravel\\framework\\src\\Illuminate\\Pipeline\\Pipeline.php(180): Illuminate\\Foundation\\Http\\Middleware\\ValidatePostSize->handle(Object(Illuminate\\Http\\Request), Object(Closure))
#28 C:\\xampp\\htdocs\\elan-travel\\vendor\\laravel\\framework\\src\\Illuminate\\Foundation\\Http\\Middleware\\PreventRequestsDuringMaintenance.php(86): Illuminate\\Pipeline\\Pipeline->Illuminate\\Pipeline\\{closure}(Object(Illuminate\\Http\\Request))
#29 C:\\xampp\\htdocs\\elan-travel\\vendor\\laravel\\framework\\src\\Illuminate\\Pipeline\\Pipeline.php(180): Illuminate\\Foundation\\Http\\Middleware\\PreventRequestsDuringMaintenance->handle(Object(Illuminate\\Http\\Request), Object(Closure))
#30 C:\\xampp\\htdocs\\elan-travel\\vendor\\laravel\\framework\\src\\Illuminate\\Http\\Middleware\\HandleCors.php(49): Illuminate\\Pipeline\\Pipeline->Illuminate\\Pipeline\\{closure}(Object(Illuminate\\Http\\Request))
#31 C:\\xampp\\htdocs\\elan-travel\\vendor\\laravel\\framework\\src\\Illuminate\\Pipeline\\Pipeline.php(180): Illuminate\\Http\\Middleware\\HandleCors->handle(Object(Illuminate\\Http\\Request), Object(Closure))
#32 C:\\xampp\\htdocs\\elan-travel\\vendor\\laravel\\framework\\src\\Illuminate\\Http\\Middleware\\TrustProxies.php(39): Illuminate\\Pipeline\\Pipeline->Illuminate\\Pipeline\\{closure}(Object(Illuminate\\Http\\Request))
#33 C:\\xampp\\htdocs\\elan-travel\\vendor\\laravel\\framework\\src\\Illuminate\\Pipeline\\Pipeline.php(180): Illuminate\\Http\\Middleware\\TrustProxies->handle(Object(Illuminate\\Http\\Request), Object(Closure))
#34 C:\\xampp\\htdocs\\elan-travel\\vendor\\laravel\\framework\\src\\Illuminate\\Pipeline\\Pipeline.php(116): Illuminate\\Pipeline\\Pipeline->Illuminate\\Pipeline\\{closure}(Object(Illuminate\\Http\\Request))
#35 C:\\xampp\\htdocs\\elan-travel\\vendor\\laravel\\framework\\src\\Illuminate\\Foundation\\Http\\Kernel.php(165): Illuminate\\Pipeline\\Pipeline->then(Object(Closure))
#36 C:\\xampp\\htdocs\\elan-travel\\vendor\\laravel\\framework\\src\\Illuminate\\Foundation\\Http\\Kernel.php(134): Illuminate\\Foundation\\Http\\Kernel->sendRequestThroughRouter(Object(Illuminate\\Http\\Request))
#37 C:\\xampp\\htdocs\\elan-travel\\public\\index.php(11): Illuminate\\Foundation\\Http\\Kernel->handle(Object(Illuminate\\Http\\Request))
#38 C:\\xampp\\htdocs\\elan-travel\\vendor\\laravel\\framework\\src\\Illuminate\\Foundation\\resources\\server.php(16): require_once('C:\\\\xampp\\\\htdocs...')
#39 {main}
"} 
[2026-09-30 22:37:11] local.ERROR: Class "App\Http\Controllers\Controller" not found {"exception":"[object] (Error(code: 0): Class \"App\\Http\\Controllers\\Controller\" not found at C:\\xampp\\htdocs\\elan-travel\\app\\Http\\Controllers\\JourneyController.php:6)
[stacktrace]
#0 C:\\xampp\\htdocs\\elan-travel\\vendor\\composer\\ClassLoader.php(576): include()
#1 C:\\xampp\\htdocs\\elan-travel\\vendor\\composer\\ClassLoader.php(427): Composer\\Autoload\\{closure}('C:\\\\xampp\\\\htdocs...')
#2 [internal function]: Composer\\Autoload\\ClassLoader->loadClass('App\\\\Http\\\\Contro...')
#3 C:\\xampp\\htdocs\\elan-travel\\vendor\\laravel\\framework\\src\\Illuminate\\Routing\\Route.php(1091): is_a('App\\\\Http\\\\Contro...', 'Illuminate\\\\Rout...', true)
#4 C:\\xampp\\htdocs\\elan-travel\\vendor\\laravel\\framework\\src\\Illuminate\\Routing\\Route.php(1030): Illuminate\\Routing\\Route->controllerMiddleware()
#5 C:\\xampp\\htdocs\\elan-travel\\vendor\\laravel\\framework\\src\\Illuminate\\Routing\\Router.php(810): Illuminate\\Routing\\Route->gatherMiddleware()
#6 C:\\xampp\\htdocs\\elan-travel\\vendor\\laravel\\framework\\src\\Illuminate\\Routing\\Router.php(792): Illuminate\\Routing\\Router->gatherRouteMiddleware(Object(Illuminate\\Routing\\Route))
#7 C:\\xampp\\htdocs\\elan-travel\\vendor\\laravel\\framework\\src\\Illuminate\\Routing\\Router.php(776): Illuminate\\Routing\\Router->runRouteWithinStack(Object(Illuminate\\Routing\\Route), Object(Illuminate\\Http\\Request))
#8 C:\\xampp\\htdocs\\elan-travel\\vendor\\laravel\\framework\\src\\Illuminate\\Routing\\Router.php(740): Illuminate\\Routing\\Router->runRoute(Object(Illuminate\\Http\\Request), Object(Illuminate\\Routing\\Route))
#9 C:\\xampp\\htdocs\\elan-travel\\vendor\\laravel\\framework\\src\\Illuminate\\Routing\\Router.php(729): Illuminate\\Routing\\Router->dispatchToRoute(Object(Illuminate\\Http\\Request))
#10 C:\\xampp\\htdocs\\elan-travel\\vendor\\laravel\\framework\\src\\Illuminate\\Foundation\\Http\\Kernel.php(190): Illuminate\\Routing\\Router->dispatch(Object(Illuminate\\Http\\Request))
#11 C:\\xampp\\htdocs\\elan-travel\\vendor\\laravel\\framework\\src\\Illuminate\\Pipeline\\Pipeline.php(141): Illuminate\\Foundation\\Http\\Kernel->Illuminate\\Foundation\\Http\\{closure}(Object(Illuminate\\Http\\Request))
#12 C:\\xampp\\htdocs\\elan-travel\\vendor\\laravel\\framework\\src\\Illuminate\\Foundation\\Http\\Middleware\\TransformsRequest.php(21): Illuminate\\Pipeline\\Pipeline->Illuminate\\Pipeline\\{closure}(Object(Illuminate\\Http\\Request))
#13 C:\\xampp\\htdocs\\elan-travel\\vendor\\laravel\\framework\\src\\Illuminate\\Foundation\\Http\\Middleware\\ConvertEmptyStringsToNull.php(31): Illuminate\\Foundation\\Http\\Middleware\\TransformsRequest->handle(Object(Illuminate\\Http\\Request), Object(Closure))
#14 C:\\xampp\\htdocs\\elan-travel\\vendor\\laravel\\framework\\src\\Illuminate\\Pipeline\\Pipeline.php(180): Illuminate\\Foundation\\Http\\Middleware\\ConvertEmptyStringsToNull->handle(Object(Illuminate\\Http\\Request), Object(Closure))
#15 C:\\xampp\\htdocs\\elan-travel\\vendor\\laravel\\framework\\src\\Illuminate\\Foundation\\Http\\Middleware\\TransformsRequest.php(21): Illuminate\\Pipeline\\Pipeline->Illuminate\\Pipeline\\{closure}(Object(Illuminate\\Http\\Request))
#16 C:\\xampp\\htdocs\\elan-travel\\vendor\\laravel\\framework\\src\\Illuminate\\Foundation\\Http\\Middleware\\TrimStrings.php(40): Illuminate\\Foundation\\Http\\Middleware\\TransformsRequest->handle(Object(Illuminate\\Http\\Request), Object(Closure))
#17 C:\\xampp\\htdocs\\elan-travel\\vendor\\laravel\\framework\\src\\Illuminate\\Pipeline\\Pipeline.php(180): Illuminate\\Foundation\\Http\\Middleware\\TrimStrings->handle(Object(Illuminate\\Http\\Request), Object(Closure))
#18 C:\\xampp\\htdocs\\elan-travel\\vendor\\laravel\\framework\\src\\Illuminate\\Foundation\\Http\\Middleware\\ValidatePostSize.php(27): Illuminate\\Pipeline\\Pipeline->Illuminate\\Pipeline\\{closure}(Object(Illuminate\\Http\\Request))
#19 C:\\xampp\\htdocs\\elan-travel\\vendor\\laravel\\framework\\src\\Illuminate\\Pipeline\\Pipeline.php(180): Illuminate\\Foundation\\Http\\Middleware\\ValidatePostSize->handle(Object(Illuminate\\Http\\Request), Object(Closure))
#20 C:\\xampp\\htdocs\\elan-travel\\vendor\\laravel\\framework\\src\\Illuminate\\Foundation\\Http\\Middleware\\PreventRequestsDuringMaintenance.php(86): Illuminate\\Pipeline\\Pipeline->Illuminate\\Pipeline\\{closure}(Object(Illuminate\\Http\\Request))
#21 C:\\xampp\\htdocs\\elan-travel\\vendor\\laravel\\framework\\src\\Illuminate\\Pipeline\\Pipeline.php(180): Illuminate\\Foundation\\Http\\Middleware\\PreventRequestsDuringMaintenance->handle(Object(Illuminate\\Http\\Request), Object(Closure))
#22 C:\\xampp\\htdocs\\elan-travel\\vendor\\laravel\\framework\\src\\Illuminate\\Http\\Middleware\\HandleCors.php(49): Illuminate\\Pipeline\\Pipeline->Illuminate\\Pipeline\\{closure}(Object(Illuminate\\Http\\Request))
#23 C:\\xampp\\htdocs\\elan-travel\\vendor\\laravel\\framework\\src\\Illuminate\\Pipeline\\Pipeline.php(180): Illuminate\\Http\\Middleware\\HandleCors->handle(Object(Illuminate\\Http\\Request), Object(Closure))
#24 C:\\xampp\\htdocs\\elan-travel\\vendor\\laravel\\framework\\src\\Illuminate\\Http\\Middleware\\TrustProxies.php(39): Illuminate\\Pipeline\\Pipeline->Illuminate\\Pipeline\\{closure}(Object(Illuminate\\Http\\Request))
#25 C:\\xampp\\htdocs\\elan-travel\\vendor\\laravel\\framework\\src\\Illuminate\\Pipeline\\Pipeline.php(180): Illuminate\\Http\\Middleware\\TrustProxies->handle(Object(Illuminate\\Http\\Request), Object(Closure))
#26 C:\\xampp\\htdocs\\elan-travel\\vendor\\laravel\\framework\\src\\Illuminate\\Pipeline\\Pipeline.php(116): Illuminate\\Pipeline\\Pipeline->Illuminate\\Pipeline\\{closure}(Object(Illuminate\\Http\\Request))
#27 C:\\xampp\\htdocs\\elan-travel\\vendor\\laravel\\framework\\src\\Illuminate\\Foundation\\Http\\Kernel.php(165): Illuminate\\Pipeline\\Pipeline->then(Object(Closure))
#28 C:\\xampp\\htdocs\\elan-travel\\vendor\\laravel\\framework\\src\\Illuminate\\Foundation\\Http\\Kernel.php(134): Illuminate\\Foundation\\Http\\Kernel->sendRequestThroughRouter(Object(Illuminate\\Http\\Request))
#29 C:\\xampp\\htdocs\\elan-travel\\public\\index.php(11): Illuminate\\Foundation\\Http\\Kernel->handle(Object(Illuminate\\Http\\Request))
#30 C:\\xampp\\htdocs\\elan-travel\\vendor\\laravel\\framework\\src\\Illuminate\\Foundation\\resources\\server.php(16): require_once('C:\\\\xampp\\\\htdocs...')
#31 {main}
"} 
[2026-09-30 22:37:11] local.ERROR: Class "App\Http\Controllers\Controller" not found {"exception":"[object] (Error(code: 0): Class \"App\\Http\\Controllers\\Controller\" not found at C:\\xampp\\htdocs\\elan-travel\\app\\Http\\Controllers\\JournalController.php:6)
[stacktrace]
#0 C:\\xampp\\htdocs\\elan-travel\\vendor\\composer\\ClassLoader.php(576): include()
#1 C:\\xampp\\htdocs\\elan-travel\\vendor\\composer\\ClassLoader.php(427): Composer\\Autoload\\{closure}('C:\\\\xampp\\\\htdocs...')
#2 [internal function]: Composer\\Autoload\\ClassLoader->loadClass('App\\\\Http\\\\Contro...')
#3 C:\\xampp\\htdocs\\elan-travel\\vendor\\laravel\\framework\\src\\Illuminate\\Routing\\Route.php(1091): is_a('App\\\\Http\\\\Contro...', 'Illuminate\\\\Rout...', true)
#4 C:\\xampp\\htdocs\\elan-travel\\vendor\\laravel\\framework\\src\\Illuminate\\Routing\\Route.php(1030): Illuminate\\Routing\\Route->controllerMiddleware()
#5 C:\\xampp\\htdocs\\elan-travel\\vendor\\laravel\\framework\\src\\Illuminate\\Routing\\Router.php(810): Illuminate\\Routing\\Route->gatherMiddleware()
#6 C:\\xampp\\htdocs\\elan-travel\\vendor\\laravel\\framework\\src\\Illuminate\\Routing\\Router.php(792): Illuminate\\Routing\\Router->gatherRouteMiddleware(Object(Illuminate\\Routing\\Route))
#7 C:\\xampp\\htdocs\\elan-travel\\vendor\\laravel\\framework\\src\\Illuminate\\Routing\\Router.php(776): Illuminate\\Routing\\Router->runRouteWithinStack(Object(Illuminate\\Routing\\Route), Object(Illuminate\\Http\\Request))
#8 C:\\xampp\\htdocs\\elan-travel\\vendor\\laravel\\framework\\src\\Illuminate\\Routing\\Router.php(740): Illuminate\\Routing\\Router->runRoute(Object(Illuminate\\Http\\Request), Object(Illuminate\\Routing\\Route))
#9 C:\\xampp\\htdocs\\elan-travel\\vendor\\laravel\\framework\\src\\Illuminate\\Routing\\Router.php(729): Illuminate\\Routing\\Router->dispatchToRoute(Object(Illuminate\\Http\\Request))
#10 C:\\xampp\\htdocs\\elan-travel\\vendor\\laravel\\framework\\src\\Illuminate\\Foundation\\Http\\Kernel.php(190): Illuminate\\Routing\\Router->dispatch(Object(Illuminate\\Http\\Request))
#11 C:\\xampp\\htdocs\\elan-travel\\vendor\\laravel\\framework\\src\\Illuminate\\Pipeline\\Pipeline.php(141): Illuminate\\Foundation\\Http\\Kernel->Illuminate\\Foundation\\Http\\{closure}(Object(Illuminate\\Http\\Request))
#12 C:\\xampp\\htdocs\\elan-travel\\vendor\\laravel\\framework\\src\\Illuminate\\Foundation\\Http\\Middleware\\TransformsRequest.php(21): Illuminate\\Pipeline\\Pipeline->Illuminate\\Pipeline\\{closure}(Object(Illuminate\\Http\\Request))
#13 C:\\xampp\\htdocs\\elan-travel\\vendor\\laravel\\framework\\src\\Illuminate\\Foundation\\Http\\Middleware\\ConvertEmptyStringsToNull.php(31): Illuminate\\Foundation\\Http\\Middleware\\TransformsRequest->handle(Object(Illuminate\\Http\\Request), Object(Closure))
#14 C:\\xampp\\htdocs\\elan-travel\\vendor\\laravel\\framework\\src\\Illuminate\\Pipeline\\Pipeline.php(180): Illuminate\\Foundation\\Http\\Middleware\\ConvertEmptyStringsToNull->handle(Object(Illuminate\\Http\\Request), Object(Closure))
#15 C:\\xampp\\htdocs\\elan-travel\\vendor\\laravel\\framework\\src\\Illuminate\\Foundation\\Http\\Middleware\\TransformsRequest.php(21): Illuminate\\Pipeline\\Pipeline->Illuminate\\Pipeline\\{closure}(Object(Illuminate\\Http\\Request))
#16 C:\\xampp\\htdocs\\elan-travel\\vendor\\laravel\\framework\\src\\Illuminate\\Foundation\\Http\\Middleware\\TrimStrings.php(40): Illuminate\\Foundation\\Http\\Middleware\\TransformsRequest->handle(Object(Illuminate\\Http\\Request), Object(Closure))
#17 C:\\xampp\\htdocs\\elan-travel\\vendor\\laravel\\framework\\src\\Illuminate\\Pipeline\\Pipeline.php(180): Illuminate\\Foundation\\Http\\Middleware\\TrimStrings->handle(Object(Illuminate\\Http\\Request), Object(Closure))
#18 C:\\xampp\\htdocs\\elan-travel\\vendor\\laravel\\framework\\src\\Illuminate\\Foundation\\Http\\Middleware\\ValidatePostSize.php(27): Illuminate\\Pipeline\\Pipeline->Illuminate\\Pipeline\\{closure}(Object(Illuminate\\Http\\Request))
#19 C:\\xampp\\htdocs\\elan-travel\\vendor\\laravel\\framework\\src\\Illuminate\\Pipeline\\Pipeline.php(180): Illuminate\\Foundation\\Http\\Middleware\\ValidatePostSize->handle(Object(Illuminate\\Http\\Request), Object(Closure))
#20 C:\\xampp\\htdocs\\elan-travel\\vendor\\laravel\\framework\\src\\Illuminate\\Foundation\\Http\\Middleware\\PreventRequestsDuringMaintenance.php(86): Illuminate\\Pipeline\\Pipeline->Illuminate\\Pipeline\\{closure}(Object(Illuminate\\Http\\Request))
#21 C:\\xampp\\htdocs\\elan-travel\\vendor\\laravel\\framework\\src\\Illuminate\\Pipeline\\Pipeline.php(180): Illuminate\\Foundation\\Http\\Middleware\\PreventRequestsDuringMaintenance->handle(Object(Illuminate\\Http\\Request), Object(Closure))
#22 C:\\xampp\\htdocs\\elan-travel\\vendor\\laravel\\framework\\src\\Illuminate\\Http\\Middleware\\HandleCors.php(49): Illuminate\\Pipeline\\Pipeline->Illuminate\\Pipeline\\{closure}(Object(Illuminate\\Http\\Request))
#23 C:\\xampp\\htdocs\\elan-travel\\vendor\\laravel\\framework\\src\\Illuminate\\Pipeline\\Pipeline.php(180): Illuminate\\Http\\Middleware\\HandleCors->handle(Object(Illuminate\\Http\\Request), Object(Closure))
#24 C:\\xampp\\htdocs\\elan-travel\\vendor\\laravel\\framework\\src\\Illuminate\\Http\\Middleware\\TrustProxies.php(39): Illuminate\\Pipeline\\Pipeline->Illuminate\\Pipeline\\{closure}(Object(Illuminate\\Http\\Request))
#25 C:\\xampp\\htdocs\\elan-travel\\vendor\\laravel\\framework\\src\\Illuminate\\Pipeline\\Pipeline.php(180): Illuminate\\Http\\Middleware\\TrustProxies->handle(Object(Illuminate\\Http\\Request), Object(Closure))
#26 C:\\xampp\\htdocs\\elan-travel\\vendor\\laravel\\framework\\src\\Illuminate\\Pipeline\\Pipeline.php(116): Illuminate\\Pipeline\\Pipeline->Illuminate\\Pipeline\\{closure}(Object(Illuminate\\Http\\Request))
#27 C:\\xampp\\htdocs\\elan-travel\\vendor\\laravel\\framework\\src\\Illuminate\\Foundation\\Http\\Kernel.php(165): Illuminate\\Pipeline\\Pipeline->then(Object(Closure))
#28 C:\\xampp\\htdocs\\elan-travel\\vendor\\laravel\\framework\\src\\Illuminate\\Foundation\\Http\\Kernel.php(134): Illuminate\\Foundation\\Http\\Kernel->sendRequestThroughRouter(Object(Illuminate\\Http\\Request))
#29 C:\\xampp\\htdocs\\elan-travel\\public\\index.php(11): Illuminate\\Foundation\\Http\\Kernel->handle(Object(Illuminate\\Http\\Request))
#30 C:\\xampp\\htdocs\\elan-travel\\vendor\\laravel\\framework\\src\\Illuminate\\Foundation\\resources\\server.php(16): require_once('C:\\\\xampp\\\\htdocs...')
#31 {main}
"} 
[2026-09-30 22:40:09] local.ERROR: Class "App\Http\Controllers\Controller" not found {"exception":"[object] (Error(code: 0): Class \"App\\Http\\Controllers\\Controller\" not found at C:\\xampp\\htdocs\\elan-travel\\app\\Http\\Controllers\\AuthController.php:5)
[stacktrace]
#0 C:\\xampp\\htdocs\\elan-travel\\vendor\\composer\\ClassLoader.php(576): include()
#1 C:\\xampp\\htdocs\\elan-travel\\vendor\\composer\\ClassLoader.php(427): Composer\\Autoload\\{closure}('C:\\\\xampp\\\\htdocs...')
#2 [internal function]: Composer\\Autoload\\ClassLoader->loadClass('App\\\\Http\\\\Contro...')
#3 C:\\xampp\\htdocs\\elan-travel\\vendor\\laravel\\framework\\src\\Illuminate\\Routing\\Route.php(1091): is_a('App\\\\Http\\\\Contro...', 'Illuminate\\\\Rout...', true)
#4 C:\\xampp\\htdocs\\elan-travel\\vendor\\laravel\\framework\\src\\Illuminate\\Routing\\Route.php(1030): Illuminate\\Routing\\Route->controllerMiddleware()
#5 C:\\xampp\\htdocs\\elan-travel\\vendor\\laravel\\framework\\src\\Illuminate\\Routing\\Router.php(810): Illuminate\\Routing\\Route->gatherMiddleware()
#6 C:\\xampp\\htdocs\\elan-travel\\vendor\\laravel\\framework\\src\\Illuminate\\Routing\\Router.php(792): Illuminate\\Routing\\Router->gatherRouteMiddleware(Object(Illuminate\\Routing\\Route))
#7 C:\\xampp\\htdocs\\elan-travel\\vendor\\laravel\\framework\\src\\Illuminate\\Routing\\Router.php(776): Illuminate\\Routing\\Router->runRouteWithinStack(Object(Illuminate\\Routing\\Route), Object(Illuminate\\Http\\Request))
#8 C:\\xampp\\htdocs\\elan-travel\\vendor\\laravel\\framework\\src\\Illuminate\\Routing\\Router.php(740): Illuminate\\Routing\\Router->runRoute(Object(Illuminate\\Http\\Request), Object(Illuminate\\Routing\\Route))
#9 C:\\xampp\\htdocs\\elan-travel\\vendor\\laravel\\framework\\src\\Illuminate\\Routing\\Router.php(729): Illuminate\\Routing\\Router->dispatchToRoute(Object(Illuminate\\Http\\Request))
#10 C:\\xampp\\htdocs\\elan-travel\\vendor\\laravel\\framework\\src\\Illuminate\\Foundation\\Http\\Kernel.php(190): Illuminate\\Routing\\Router->dispatch(Object(Illuminate\\Http\\Request))
#11 C:\\xampp\\htdocs\\elan-travel\\vendor\\laravel\\framework\\src\\Illuminate\\Pipeline\\Pipeline.php(141): Illuminate\\Foundation\\Http\\Kernel->Illuminate\\Foundation\\Http\\{closure}(Object(Illuminate\\Http\\Request))
#12 C:\\xampp\\htdocs\\elan-travel\\vendor\\laravel\\framework\\src\\Illuminate\\Foundation\\Http\\Middleware\\TransformsRequest.php(21): Illuminate\\Pipeline\\Pipeline->Illuminate\\Pipeline\\{closure}(Object(Illuminate\\Http\\Request))
#13 C:\\xampp\\htdocs\\elan-travel\\vendor\\laravel\\framework\\src\\Illuminate\\Foundation\\Http\\Middleware\\ConvertEmptyStringsToNull.php(31): Illuminate\\Foundation\\Http\\Middleware\\TransformsRequest->handle(Object(Illuminate\\Http\\Request), Object(Closure))
#14 C:\\xampp\\htdocs\\elan-travel\\vendor\\laravel\\framework\\src\\Illuminate\\Pipeline\\Pipeline.php(180): Illuminate\\Foundation\\Http\\Middleware\\ConvertEmptyStringsToNull->handle(Object(Illuminate\\Http\\Request), Object(Closure))
#15 C:\\xampp\\htdocs\\elan-travel\\vendor\\laravel\\framework\\src\\Illuminate\\Foundation\\Http\\Middleware\\TransformsRequest.php(21): Illuminate\\Pipeline\\Pipeline->Illuminate\\Pipeline\\{closure}(Object(Illuminate\\Http\\Request))
#16 C:\\xampp\\htdocs\\elan-travel\\vendor\\laravel\\framework\\src\\Illuminate\\Foundation\\Http\\Middleware\\TrimStrings.php(40): Illuminate\\Foundation\\Http\\Middleware\\TransformsRequest->handle(Object(Illuminate\\Http\\Request), Object(Closure))
#17 C:\\xampp\\htdocs\\elan-travel\\vendor\\laravel\\framework\\src\\Illuminate\\Pipeline\\Pipeline.php(180): Illuminate\\Foundation\\Http\\Middleware\\TrimStrings->handle(Object(Illuminate\\Http\\Request), Object(Closure))
#18 C:\\xampp\\htdocs\\elan-travel\\vendor\\laravel\\framework\\src\\Illuminate\\Foundation\\Http\\Middleware\\ValidatePostSize.php(27): Illuminate\\Pipeline\\Pipeline->Illuminate\\Pipeline\\{closure}(Object(Illuminate\\Http\\Request))
#19 C:\\xampp\\htdocs\\elan-travel\\vendor\\laravel\\framework\\src\\Illuminate\\Pipeline\\Pipeline.php(180): Illuminate\\Foundation\\Http\\Middleware\\ValidatePostSize->handle(Object(Illuminate\\Http\\Request), Object(Closure))
#20 C:\\xampp\\htdocs\\elan-travel\\vendor\\laravel\\framework\\src\\Illuminate\\Foundation\\Http\\Middleware\\PreventRequestsDuringMaintenance.php(86): Illuminate\\Pipeline\\Pipeline->Illuminate\\Pipeline\\{closure}(Object(Illuminate\\Http\\Request))
#21 C:\\xampp\\htdocs\\elan-travel\\vendor\\laravel\\framework\\src\\Illuminate\\Pipeline\\Pipeline.php(180): Illuminate\\Foundation\\Http\\Middleware\\PreventRequestsDuringMaintenance->handle(Object(Illuminate\\Http\\Request), Object(Closure))
#22 C:\\xampp\\htdocs\\elan-travel\\vendor\\laravel\\framework\\src\\Illuminate\\Http\\Middleware\\HandleCors.php(49): Illuminate\\Pipeline\\Pipeline->Illuminate\\Pipeline\\{closure}(Object(Illuminate\\Http\\Request))
#23 C:\\xampp\\htdocs\\elan-travel\\vendor\\laravel\\framework\\src\\Illuminate\\Pipeline\\Pipeline.php(180): Illuminate\\Http\\Middleware\\HandleCors->handle(Object(Illuminate\\Http\\Request), Object(Closure))
#24 C:\\xampp\\htdocs\\elan-travel\\vendor\\laravel\\framework\\src\\Illuminate\\Http\\Middleware\\TrustProxies.php(39): Illuminate\\Pipeline\\Pipeline->Illuminate\\Pipeline\\{closure}(Object(Illuminate\\Http\\Request))
#25 C:\\xampp\\htdocs\\elan-travel\\vendor\\laravel\\framework\\src\\Illuminate\\Pipeline\\Pipeline.php(180): Illuminate\\Http\\Middleware\\TrustProxies->handle(Object(Illuminate\\Http\\Request), Object(Closure))
#26 C:\\xampp\\htdocs\\elan-travel\\vendor\\laravel\\framework\\src\\Illuminate\\Pipeline\\Pipeline.php(116): Illuminate\\Pipeline\\Pipeline->Illuminate\\Pipeline\\{closure}(Object(Illuminate\\Http\\Request))
#27 C:\\xampp\\htdocs\\elan-travel\\vendor\\laravel\\framework\\src\\Illuminate\\Foundation\\Http\\Kernel.php(165): Illuminate\\Pipeline\\Pipeline->then(Object(Closure))
#28 C:\\xampp\\htdocs\\elan-travel\\vendor\\laravel\\framework\\src\\Illuminate\\Foundation\\Http\\Kernel.php(134): Illuminate\\Foundation\\Http\\Kernel->sendRequestThroughRouter(Object(Illuminate\\Http\\Request))
#29 C:\\xampp\\htdocs\\elan-travel\\public\\index.php(11): Illuminate\\Foundation\\Http\\Kernel->handle(Object(Illuminate\\Http\\Request))
#30 C:\\xampp\\htdocs\\elan-travel\\vendor\\laravel\\framework\\src\\Illuminate\\Foundation\\resources\\server.php(16): require_once('C:\\\\xampp\\\\htdocs...')
#31 {main}
"} 
[2026-09-30 22:45:53] local.ERROR: SQLSTATE[23000]: Integrity constraint violation: 1052 Column 'status' in where clause is ambiguous (SQL: select sum(`journeys`.`price`) as aggregate from `bookings` inner join `journeys` on `journeys`.`id` = `bookings`.`journey_id` where `status` in (Confirmed, Completed)) {"userId":1,"exception":"[object] (Illuminate\\Database\\QueryException(code: 23000): SQLSTATE[23000]: Integrity constraint violation: 1052 Column 'status' in where clause is ambiguous (SQL: select sum(`journeys`.`price`) as aggregate from `bookings` inner join `journeys` on `journeys`.`id` = `bookings`.`journey_id` where `status` in (Confirmed, Completed)) at C:\\xampp\\htdocs\\elan-travel\\vendor\\laravel\\framework\\src\\Illuminate\\Database\\Connection.php:760)
[stacktrace]
#0 C:\\xampp\\htdocs\\elan-travel\\vendor\\laravel\\framework\\src\\Illuminate\\Database\\Connection.php(720): Illuminate\\Database\\Connection->runQueryCallback('select sum(`jou...', Array, Object(Closure))
#1 C:\\xampp\\htdocs\\elan-travel\\vendor\\laravel\\framework\\src\\Illuminate\\Database\\Connection.php(405): Illuminate\\Database\\Connection->run('select sum(`jou...', Array, Object(Closure))
#2 C:\\xampp\\htdocs\\elan-travel\\vendor\\laravel\\framework\\src\\Illuminate\\Database\\Query\\Builder.php(2705): Illuminate\\Database\\Connection->select('select sum(`jou...', Array, true)
#3 C:\\xampp\\htdocs\\elan-travel\\vendor\\laravel\\framework\\src\\Illuminate\\Database\\Query\\Builder.php(2694): Illuminate\\Database\\Query\\Builder->runSelect()
#4 C:\\xampp\\htdocs\\elan-travel\\vendor\\laravel\\framework\\src\\Illuminate\\Database\\Query\\Builder.php(3230): Illuminate\\Database\\Query\\Builder->Illuminate\\Database\\Query\\{closure}()
#5 C:\\xampp\\htdocs\\elan-travel\\vendor\\laravel\\framework\\src\\Illuminate\\Database\\Query\\Builder.php(2693): Illuminate\\Database\\Query\\Builder->onceWithColumns(Array, Object(Closure))
#6 C:\\xampp\\htdocs\\elan-travel\\vendor\\laravel\\framework\\src\\Illuminate\\Database\\Query\\Builder.php(3157): Illuminate\\Database\\Query\\Builder->get(Array)
#7 C:\\xampp\\htdocs\\elan-travel\\vendor\\laravel\\framework\\src\\Illuminate\\Database\\Query\\Builder.php(3118): Illuminate\\Database\\Query\\Builder->aggregate('sum', Array)
#8 C:\\xampp\\htdocs\\elan-travel\\vendor\\laravel\\framework\\src\\Illuminate\\Database\\Eloquent\\Builder.php(1869): Illuminate\\Database\\Query\\Builder->sum('journeys.price')
#9 C:\\xampp\\htdocs\\elan-travel\\app\\Http\\Controllers\\BookingController.php(23): Illuminate\\Database\\Eloquent\\Builder->__call('sum', Array)
#10 C:\\xampp\\htdocs\\elan-travel\\vendor\\laravel\\framework\\src\\Illuminate\\Routing\\Controller.php(54): App\\Http\\Controllers\\BookingController->dashboard()
#11 C:\\xampp\\htdocs\\elan-travel\\vendor\\laravel\\framework\\src\\Illuminate\\Routing\\ControllerDispatcher.php(43): Illuminate\\Routing\\Controller->callAction('dashboard', Array)
#12 C:\\xampp\\htdocs\\elan-travel\\vendor\\laravel\\framework\\src\\Illuminate\\Routing\\Route.php(259): Illuminate\\Routing\\ControllerDispatcher->dispatch(Object(Illuminate\\Routing\\Route), Object(App\\Http\\Controllers\\BookingController), 'dashboard')
#13 C:\\xampp\\htdocs\\elan-travel\\vendor\\laravel\\framework\\src\\Illuminate\\Routing\\Route.php(205): Illuminate\\Routing\\Route->runController()
#14 C:\\xampp\\htdocs\\elan-travel\\vendor\\laravel\\framework\\src\\Illuminate\\Routing\\Router.php(798): Illuminate\\Routing\\Route->run()
#15 C:\\xampp\\htdocs\\elan-travel\\vendor\\laravel\\framework\\src\\Illuminate\\Pipeline\\Pipeline.php(141): Illuminate\\Routing\\Router->Illuminate\\Routing\\{closure}(Object(Illuminate\\Http\\Request))
#16 C:\\xampp\\htdocs\\elan-travel\\app\\Http\\Middleware\\EnsureAdmin.php(11): Illuminate\\Pipeline\\Pipeline->Illuminate\\Pipeline\\{closure}(Object(Illuminate\\Http\\Request))
#17 C:\\xampp\\htdocs\\elan-travel\\vendor\\laravel\\framework\\src\\Illuminate\\Pipeline\\Pipeline.php(180): App\\Http\\Middleware\\EnsureAdmin->handle(Object(Illuminate\\Http\\Request), Object(Closure))
#18 C:\\xampp\\htdocs\\elan-travel\\vendor\\laravel\\framework\\src\\Illuminate\\Routing\\Middleware\\SubstituteBindings.php(50): Illuminate\\Pipeline\\Pipeline->Illuminate\\Pipeline\\{closure}(Object(Illuminate\\Http\\Request))
#19 C:\\xampp\\htdocs\\elan-travel\\vendor\\laravel\\framework\\src\\Illuminate\\Pipeline\\Pipeline.php(180): Illuminate\\Routing\\Middleware\\SubstituteBindings->handle(Object(Illuminate\\Http\\Request), Object(Closure))
#20 C:\\xampp\\htdocs\\elan-travel\\vendor\\laravel\\framework\\src\\Illuminate\\Auth\\Middleware\\Authenticate.php(44): Illuminate\\Pipeline\\Pipeline->Illuminate\\Pipeline\\{closure}(Object(Illuminate\\Http\\Request))
#21 C:\\xampp\\htdocs\\elan-travel\\vendor\\laravel\\framework\\src\\Illuminate\\Pipeline\\Pipeline.php(180): Illuminate\\Auth\\Middleware\\Authenticate->handle(Object(Illuminate\\Http\\Request), Object(Closure))
#22 C:\\xampp\\htdocs\\elan-travel\\vendor\\laravel\\framework\\src\\Illuminate\\Foundation\\Http\\Middleware\\VerifyCsrfToken.php(78): Illuminate\\Pipeline\\Pipeline->Illuminate\\Pipeline\\{closure}(Object(Illuminate\\Http\\Request))
#23 C:\\xampp\\htdocs\\elan-travel\\vendor\\laravel\\framework\\src\\Illuminate\\Pipeline\\Pipeline.php(180): Illuminate\\Foundation\\Http\\Middleware\\VerifyCsrfToken->handle(Object(Illuminate\\Http\\Request), Object(Closure))
#24 C:\\xampp\\htdocs\\elan-travel\\vendor\\laravel\\framework\\src\\Illuminate\\View\\Middleware\\ShareErrorsFromSession.php(49): Illuminate\\Pipeline\\Pipeline->Illuminate\\Pipeline\\{closure}(Object(Illuminate\\Http\\Request))
#25 C:\\xampp\\htdocs\\elan-travel\\vendor\\laravel\\framework\\src\\Illuminate\\Pipeline\\Pipeline.php(180): Illuminate\\View\\Middleware\\ShareErrorsFromSession->handle(Object(Illuminate\\Http\\Request), Object(Closure))
#26 C:\\xampp\\htdocs\\elan-travel\\vendor\\laravel\\framework\\src\\Illuminate\\Session\\Middleware\\StartSession.php(121): Illuminate\\Pipeline\\Pipeline->Illuminate\\Pipeline\\{closure}(Object(Illuminate\\Http\\Request))
#27 C:\\xampp\\htdocs\\elan-travel\\vendor\\laravel\\framework\\src\\Illuminate\\Session\\Middleware\\StartSession.php(64): Illuminate\\Session\\Middleware\\StartSession->handleStatefulRequest(Object(Illuminate\\Http\\Request), Object(Illuminate\\Session\\Store), Object(Closure))
#28 C:\\xampp\\htdocs\\elan-travel\\vendor\\laravel\\framework\\src\\Illuminate\\Pipeline\\Pipeline.php(180): Illuminate\\Session\\Middleware\\StartSession->handle(Object(Illuminate\\Http\\Request), Object(Closure))
#29 C:\\xampp\\htdocs\\elan-travel\\vendor\\laravel\\framework\\src\\Illuminate\\Cookie\\Middleware\\AddQueuedCookiesToResponse.php(37): Illuminate\\Pipeline\\Pipeline->Illuminate\\Pipeline\\{closure}(Object(Illuminate\\Http\\Request))
#30 C:\\xampp\\htdocs\\elan-travel\\vendor\\laravel\\framework\\src\\Illuminate\\Pipeline\\Pipeline.php(180): Illuminate\\Cookie\\Middleware\\AddQueuedCookiesToResponse->handle(Object(Illuminate\\Http\\Request), Object(Closure))
#31 C:\\xampp\\htdocs\\elan-travel\\vendor\\laravel\\framework\\src\\Illuminate\\Cookie\\Middleware\\EncryptCookies.php(67): Illuminate\\Pipeline\\Pipeline->Illuminate\\Pipeline\\{closure}(Object(Illuminate\\Http\\Request))
#32 C:\\xampp\\htdocs\\elan-travel\\vendor\\laravel\\framework\\src\\Illuminate\\Pipeline\\Pipeline.php(180): Illuminate\\Cookie\\Middleware\\EncryptCookies->handle(Object(Illuminate\\Http\\Request), Object(Closure))
#33 C:\\xampp\\htdocs\\elan-travel\\vendor\\laravel\\framework\\src\\Illuminate\\Pipeline\\Pipeline.php(116): Illuminate\\Pipeline\\Pipeline->Illuminate\\Pipeline\\{closure}(Object(Illuminate\\Http\\Request))
#34 C:\\xampp\\htdocs\\elan-travel\\vendor\\laravel\\framework\\src\\Illuminate\\Routing\\Router.php(797): Illuminate\\Pipeline\\Pipeline->then(Object(Closure))
#35 C:\\xampp\\htdocs\\elan-travel\\vendor\\laravel\\framework\\src\\Illuminate\\Routing\\Router.php(776): Illuminate\\Routing\\Router->runRouteWithinStack(Object(Illuminate\\Routing\\Route), Object(Illuminate\\Http\\Request))
#36 C:\\xampp\\htdocs\\elan-travel\\vendor\\laravel\\framework\\src\\Illuminate\\Routing\\Router.php(740): Illuminate\\Routing\\Router->runRoute(Object(Illuminate\\Http\\Request), Object(Illuminate\\Routing\\Route))
#37 C:\\xampp\\htdocs\\elan-travel\\vendor\\laravel\\framework\\src\\Illuminate\\Routing\\Router.php(729): Illuminate\\Routing\\Router->dispatchToRoute(Object(Illuminate\\Http\\Request))
#38 C:\\xampp\\htdocs\\elan-travel\\vendor\\laravel\\framework\\src\\Illuminate\\Foundation\\Http\\Kernel.php(190): Illuminate\\Routing\\Router->dispatch(Object(Illuminate\\Http\\Request))
#39 C:\\xampp\\htdocs\\elan-travel\\vendor\\laravel\\framework\\src\\Illuminate\\Pipeline\\Pipeline.php(141): Illuminate\\Foundation\\Http\\Kernel->Illuminate\\Foundation\\Http\\{closure}(Object(Illuminate\\Http\\Request))
#40 C:\\xampp\\htdocs\\elan-travel\\vendor\\laravel\\framework\\src\\Illuminate\\Foundation\\Http\\Middleware\\TransformsRequest.php(21): Illuminate\\Pipeline\\Pipeline->Illuminate\\Pipeline\\{closure}(Object(Illuminate\\Http\\Request))
#41 C:\\xampp\\htdocs\\elan-travel\\vendor\\laravel\\framework\\src\\Illuminate\\Foundation\\Http\\Middleware\\ConvertEmptyStringsToNull.php(31): Illuminate\\Foundation\\Http\\Middleware\\TransformsRequest->handle(Object(Illuminate\\Http\\Request), Object(Closure))
#42 C:\\xampp\\htdocs\\elan-travel\\vendor\\laravel\\framework\\src\\Illuminate\\Pipeline\\Pipeline.php(180): Illuminate\\Foundation\\Http\\Middleware\\ConvertEmptyStringsToNull->handle(Object(Illuminate\\Http\\Request), Object(Closure))
#43 C:\\xampp\\htdocs\\elan-travel\\vendor\\laravel\\framework\\src\\Illuminate\\Foundation\\Http\\Middleware\\TransformsRequest.php(21): Illuminate\\Pipeline\\Pipeline->Illuminate\\Pipeline\\{closure}(Object(Illuminate\\Http\\Request))
#44 C:\\xampp\\htdocs\\elan-travel\\vendor\\laravel\\framework\\src\\Illuminate\\Foundation\\Http\\Middleware\\TrimStrings.php(40): Illuminate\\Foundation\\Http\\Middleware\\TransformsRequest->handle(Object(Illuminate\\Http\\Request), Object(Closure))
#45 C:\\xampp\\htdocs\\elan-travel\\vendor\\laravel\\framework\\src\\Illuminate\\Pipeline\\Pipeline.php(180): Illuminate\\Foundation\\Http\\Middleware\\TrimStrings->handle(Object(Illuminate\\Http\\Request), Object(Closure))
#46 C:\\xampp\\htdocs\\elan-travel\\vendor\\laravel\\framework\\src\\Illuminate\\Foundation\\Http\\Middleware\\ValidatePostSize.php(27): Illuminate\\Pipeline\\Pipeline->Illuminate\\Pipeline\\{closure}(Object(Illuminate\\Http\\Request))
#47 C:\\xampp\\htdocs\\elan-travel\\vendor\\laravel\\framework\\src\\Illuminate\\Pipeline\\Pipeline.php(180): Illuminate\\Foundation\\Http\\Middleware\\ValidatePostSize->handle(Object(Illuminate\\Http\\Request), Object(Closure))
#48 C:\\xampp\\htdocs\\elan-travel\\vendor\\laravel\\framework\\src\\Illuminate\\Foundation\\Http\\Middleware\\PreventRequestsDuringMaintenance.php(86): Illuminate\\Pipeline\\Pipeline->Illuminate\\Pipeline\\{closure}(Object(Illuminate\\Http\\Request))
#49 C:\\xampp\\htdocs\\elan-travel\\vendor\\laravel\\framework\\src\\Illuminate\\Pipeline\\Pipeline.php(180): Illuminate\\Foundation\\Http\\Middleware\\PreventRequestsDuringMaintenance->handle(Object(Illuminate\\Http\\Request), Object(Closure))
#50 C:\\xampp\\htdocs\\elan-travel\\vendor\\laravel\\framework\\src\\Illuminate\\Http\\Middleware\\HandleCors.php(49): Illuminate\\Pipeline\\Pipeline->Illuminate\\Pipeline\\{closure}(Object(Illuminate\\Http\\Request))
#51 C:\\xampp\\htdocs\\elan-travel\\vendor\\laravel\\framework\\src\\Illuminate\\Pipeline\\Pipeline.php(180): Illuminate\\Http\\Middleware\\HandleCors->handle(Object(Illuminate\\Http\\Request), Object(Closure))
#52 C:\\xampp\\htdocs\\elan-travel\\vendor\\laravel\\framework\\src\\Illuminate\\Http\\Middleware\\TrustProxies.php(39): Illuminate\\Pipeline\\Pipeline->Illuminate\\Pipeline\\{closure}(Object(Illuminate\\Http\\Request))
#53 C:\\xampp\\htdocs\\elan-travel\\vendor\\laravel\\framework\\src\\Illuminate\\Pipeline\\Pipeline.php(180): Illuminate\\Http\\Middleware\\TrustProxies->handle(Object(Illuminate\\Http\\Request), Object(Closure))
#54 C:\\xampp\\htdocs\\elan-travel\\vendor\\laravel\\framework\\src\\Illuminate\\Pipeline\\Pipeline.php(116): Illuminate\\Pipeline\\Pipeline->Illuminate\\Pipeline\\{closure}(Object(Illuminate\\Http\\Request))
#55 C:\\xampp\\htdocs\\elan-travel\\vendor\\laravel\\framework\\src\\Illuminate\\Foundation\\Http\\Kernel.php(165): Illuminate\\Pipeline\\Pipeline->then(Object(Closure))
#56 C:\\xampp\\htdocs\\elan-travel\\vendor\\laravel\\framework\\src\\Illuminate\\Foundation\\Http\\Kernel.php(134): Illuminate\\Foundation\\Http\\Kernel->sendRequestThroughRouter(Object(Illuminate\\Http\\Request))
#57 C:\\xampp\\htdocs\\elan-travel\\public\\index.php(11): Illuminate\\Foundation\\Http\\Kernel->handle(Object(Illuminate\\Http\\Request))
#58 C:\\xampp\\htdocs\\elan-travel\\vendor\\laravel\\framework\\src\\Illuminate\\Foundation\\resources\\server.php(16): require_once('C:\\\\xampp\\\\htdocs...')
#59 {main}

[previous exception] [object] (PDOException(code: 23000): SQLSTATE[23000]: Integrity constraint violation: 1052 Column 'status' in where clause is ambiguous at C:\\xampp\\htdocs\\elan-travel\\vendor\\laravel\\framework\\src\\Illuminate\\Database\\Connection.php:414)
[stacktrace]
#0 C:\\xampp\\htdocs\\elan-travel\\vendor\\laravel\\framework\\src\\Illuminate\\Database\\Connection.php(414): PDO->prepare('select sum(`jou...')
#1 C:\\xampp\\htdocs\\elan-travel\\vendor\\laravel\\framework\\src\\Illuminate\\Database\\Connection.php(753): Illuminate\\Database\\Connection->Illuminate\\Database\\{closure}('select sum(`jou...', Array)
#2 C:\\xampp\\htdocs\\elan-travel\\vendor\\laravel\\framework\\src\\Illuminate\\Database\\Connection.php(720): Illuminate\\Database\\Connection->runQueryCallback('select sum(`jou...', Array, Object(Closure))
#3 C:\\xampp\\htdocs\\elan-travel\\vendor\\laravel\\framework\\src\\Illuminate\\Database\\Connection.php(405): Illuminate\\Database\\Connection->run('select sum(`jou...', Array, Object(Closure))
#4 C:\\xampp\\htdocs\\elan-travel\\vendor\\laravel\\framework\\src\\Illuminate\\Database\\Query\\Builder.php(2705): Illuminate\\Database\\Connection->select('select sum(`jou...', Array, true)
#5 C:\\xampp\\htdocs\\elan-travel\\vendor\\laravel\\framework\\src\\Illuminate\\Database\\Query\\Builder.php(2694): Illuminate\\Database\\Query\\Builder->runSelect()
#6 C:\\xampp\\htdocs\\elan-travel\\vendor\\laravel\\framework\\src\\Illuminate\\Database\\Query\\Builder.php(3230): Illuminate\\Database\\Query\\Builder->Illuminate\\Database\\Query\\{closure}()
#7 C:\\xampp\\htdocs\\elan-travel\\vendor\\laravel\\framework\\src\\Illuminate\\Database\\Query\\Builder.php(2693): Illuminate\\Database\\Query\\Builder->onceWithColumns(Array, Object(Closure))
#8 C:\\xampp\\htdocs\\elan-travel\\vendor\\laravel\\framework\\src\\Illuminate\\Database\\Query\\Builder.php(3157): Illuminate\\Database\\Query\\Builder->get(Array)
#9 C:\\xampp\\htdocs\\elan-travel\\vendor\\laravel\\framework\\src\\Illuminate\\Database\\Query\\Builder.php(3118): Illuminate\\Database\\Query\\Builder->aggregate('sum', Array)
#10 C:\\xampp\\htdocs\\elan-travel\\vendor\\laravel\\framework\\src\\Illuminate\\Database\\Eloquent\\Builder.php(1869): Illuminate\\Database\\Query\\Builder->sum('journeys.price')
#11 C:\\xampp\\htdocs\\elan-travel\\app\\Http\\Controllers\\BookingController.php(23): Illuminate\\Database\\Eloquent\\Builder->__call('sum', Array)
#12 C:\\xampp\\htdocs\\elan-travel\\vendor\\laravel\\framework\\src\\Illuminate\\Routing\\Controller.php(54): App\\Http\\Controllers\\BookingController->dashboard()
#13 C:\\xampp\\htdocs\\elan-travel\\vendor\\laravel\\framework\\src\\Illuminate\\Routing\\ControllerDispatcher.php(43): Illuminate\\Routing\\Controller->callAction('dashboard', Array)
#14 C:\\xampp\\htdocs\\elan-travel\\vendor\\laravel\\framework\\src\\Illuminate\\Routing\\Route.php(259): Illuminate\\Routing\\ControllerDispatcher->dispatch(Object(Illuminate\\Routing\\Route), Object(App\\Http\\Controllers\\BookingController), 'dashboard')
#15 C:\\xampp\\htdocs\\elan-travel\\vendor\\laravel\\framework\\src\\Illuminate\\Routing\\Route.php(205): Illuminate\\Routing\\Route->runController()
#16 C:\\xampp\\htdocs\\elan-travel\\vendor\\laravel\\framework\\src\\Illuminate\\Routing\\Router.php(798): Illuminate\\Routing\\Route->run()
#17 C:\\xampp\\htdocs\\elan-travel\\vendor\\laravel\\framework\\src\\Illuminate\\Pipeline\\Pipeline.php(141): Illuminate\\Routing\\Router->Illuminate\\Routing\\{closure}(Object(Illuminate\\Http\\Request))
#18 C:\\xampp\\htdocs\\elan-travel\\app\\Http\\Middleware\\EnsureAdmin.php(11): Illuminate\\Pipeline\\Pipeline->Illuminate\\Pipeline\\{closure}(Object(Illuminate\\Http\\Request))
#19 C:\\xampp\\htdocs\\elan-travel\\vendor\\laravel\\framework\\src\\Illuminate\\Pipeline\\Pipeline.php(180): App\\Http\\Middleware\\EnsureAdmin->handle(Object(Illuminate\\Http\\Request), Object(Closure))
#20 C:\\xampp\\htdocs\\elan-travel\\vendor\\laravel\\framework\\src\\Illuminate\\Routing\\Middleware\\SubstituteBindings.php(50): Illuminate\\Pipeline\\Pipeline->Illuminate\\Pipeline\\{closure}(Object(Illuminate\\Http\\Request))
#21 C:\\xampp\\htdocs\\elan-travel\\vendor\\laravel\\framework\\src\\Illuminate\\Pipeline\\Pipeline.php(180): Illuminate\\Routing\\Middleware\\SubstituteBindings->handle(Object(Illuminate\\Http\\Request), Object(Closure))
#22 C:\\xampp\\htdocs\\elan-travel\\vendor\\laravel\\framework\\src\\Illuminate\\Auth\\Middleware\\Authenticate.php(44): Illuminate\\Pipeline\\Pipeline->Illuminate\\Pipeline\\{closure}(Object(Illuminate\\Http\\Request))
#23 C:\\xampp\\htdocs\\elan-travel\\vendor\\laravel\\framework\\src\\Illuminate\\Pipeline\\Pipeline.php(180): Illuminate\\Auth\\Middleware\\Authenticate->handle(Object(Illuminate\\Http\\Request), Object(Closure))
#24 C:\\xampp\\htdocs\\elan-travel\\vendor\\laravel\\framework\\src\\Illuminate\\Foundation\\Http\\Middleware\\VerifyCsrfToken.php(78): Illuminate\\Pipeline\\Pipeline->Illuminate\\Pipeline\\{closure}(Object(Illuminate\\Http\\Request))
#25 C:\\xampp\\htdocs\\elan-travel\\vendor\\laravel\\framework\\src\\Illuminate\\Pipeline\\Pipeline.php(180): Illuminate\\Foundation\\Http\\Middleware\\VerifyCsrfToken->handle(Object(Illuminate\\Http\\Request), Object(Closure))
#26 C:\\xampp\\htdocs\\elan-travel\\vendor\\laravel\\framework\\src\\Illuminate\\View\\Middleware\\ShareErrorsFromSession.php(49): Illuminate\\Pipeline\\Pipeline->Illuminate\\Pipeline\\{closure}(Object(Illuminate\\Http\\Request))
#27 C:\\xampp\\htdocs\\elan-travel\\vendor\\laravel\\framework\\src\\Illuminate\\Pipeline\\Pipeline.php(180): Illuminate\\View\\Middleware\\ShareErrorsFromSession->handle(Object(Illuminate\\Http\\Request), Object(Closure))
#28 C:\\xampp\\htdocs\\elan-travel\\vendor\\laravel\\framework\\src\\Illuminate\\Session\\Middleware\\StartSession.php(121): Illuminate\\Pipeline\\Pipeline->Illuminate\\Pipeline\\{closure}(Object(Illuminate\\Http\\Request))
#29 C:\\xampp\\htdocs\\elan-travel\\vendor\\laravel\\framework\\src\\Illuminate\\Session\\Middleware\\StartSession.php(64): Illuminate\\Session\\Middleware\\StartSession->handleStatefulRequest(Object(Illuminate\\Http\\Request), Object(Illuminate\\Session\\Store), Object(Closure))
#30 C:\\xampp\\htdocs\\elan-travel\\vendor\\laravel\\framework\\src\\Illuminate\\Pipeline\\Pipeline.php(180): Illuminate\\Session\\Middleware\\StartSession->handle(Object(Illuminate\\Http\\Request), Object(Closure))
#31 C:\\xampp\\htdocs\\elan-travel\\vendor\\laravel\\framework\\src\\Illuminate\\Cookie\\Middleware\\AddQueuedCookiesToResponse.php(37): Illuminate\\Pipeline\\Pipeline->Illuminate\\Pipeline\\{closure}(Object(Illuminate\\Http\\Request))
#32 C:\\xampp\\htdocs\\elan-travel\\vendor\\laravel\\framework\\src\\Illuminate\\Pipeline\\Pipeline.php(180): Illuminate\\Cookie\\Middleware\\AddQueuedCookiesToResponse->handle(Object(Illuminate\\Http\\Request), Object(Closure))
#33 C:\\xampp\\htdocs\\elan-travel\\vendor\\laravel\\framework\\src\\Illuminate\\Cookie\\Middleware\\EncryptCookies.php(67): Illuminate\\Pipeline\\Pipeline->Illuminate\\Pipeline\\{closure}(Object(Illuminate\\Http\\Request))
#34 C:\\xampp\\htdocs\\elan-travel\\vendor\\laravel\\framework\\src\\Illuminate\\Pipeline\\Pipeline.php(180): Illuminate\\Cookie\\Middleware\\EncryptCookies->handle(Object(Illuminate\\Http\\Request), Object(Closure))
#35 C:\\xampp\\htdocs\\elan-travel\\vendor\\laravel\\framework\\src\\Illuminate\\Pipeline\\Pipeline.php(116): Illuminate\\Pipeline\\Pipeline->Illuminate\\Pipeline\\{closure}(Object(Illuminate\\Http\\Request))
#36 C:\\xampp\\htdocs\\elan-travel\\vendor\\laravel\\framework\\src\\Illuminate\\Routing\\Router.php(797): Illuminate\\Pipeline\\Pipeline->then(Object(Closure))
#37 C:\\xampp\\htdocs\\elan-travel\\vendor\\laravel\\framework\\src\\Illuminate\\Routing\\Router.php(776): Illuminate\\Routing\\Router->runRouteWithinStack(Object(Illuminate\\Routing\\Route), Object(Illuminate\\Http\\Request))
#38 C:\\xampp\\htdocs\\elan-travel\\vendor\\laravel\\framework\\src\\Illuminate\\Routing\\Router.php(740): Illuminate\\Routing\\Router->runRoute(Object(Illuminate\\Http\\Request), Object(Illuminate\\Routing\\Route))
#39 C:\\xampp\\htdocs\\elan-travel\\vendor\\laravel\\framework\\src\\Illuminate\\Routing\\Router.php(729): Illuminate\\Routing\\Router->dispatchToRoute(Object(Illuminate\\Http\\Request))
#40 C:\\xampp\\htdocs\\elan-travel\\vendor\\laravel\\framework\\src\\Illuminate\\Foundation\\Http\\Kernel.php(190): Illuminate\\Routing\\Router->dispatch(Object(Illuminate\\Http\\Request))
#41 C:\\xampp\\htdocs\\elan-travel\\vendor\\laravel\\framework\\src\\Illuminate\\Pipeline\\Pipeline.php(141): Illuminate\\Foundation\\Http\\Kernel->Illuminate\\Foundation\\Http\\{closure}(Object(Illuminate\\Http\\Request))
#42 C:\\xampp\\htdocs\\elan-travel\\vendor\\laravel\\framework\\src\\Illuminate\\Foundation\\Http\\Middleware\\TransformsRequest.php(21): Illuminate\\Pipeline\\Pipeline->Illuminate\\Pipeline\\{closure}(Object(Illuminate\\Http\\Request))
#43 C:\\xampp\\htdocs\\elan-travel\\vendor\\laravel\\framework\\src\\Illuminate\\Foundation\\Http\\Middleware\\ConvertEmptyStringsToNull.php(31): Illuminate\\Foundation\\Http\\Middleware\\TransformsRequest->handle(Object(Illuminate\\Http\\Request), Object(Closure))
#44 C:\\xampp\\htdocs\\elan-travel\\vendor\\laravel\\framework\\src\\Illuminate\\Pipeline\\Pipeline.php(180): Illuminate\\Foundation\\Http\\Middleware\\ConvertEmptyStringsToNull->handle(Object(Illuminate\\Http\\Request), Object(Closure))
#45 C:\\xampp\\htdocs\\elan-travel\\vendor\\laravel\\framework\\src\\Illuminate\\Foundation\\Http\\Middleware\\TransformsRequest.php(21): Illuminate\\Pipeline\\Pipeline->Illuminate\\Pipeline\\{closure}(Object(Illuminate\\Http\\Request))
#46 C:\\xampp\\htdocs\\elan-travel\\vendor\\laravel\\framework\\src\\Illuminate\\Foundation\\Http\\Middleware\\TrimStrings.php(40): Illuminate\\Foundation\\Http\\Middleware\\TransformsRequest->handle(Object(Illuminate\\Http\\Request), Object(Closure))
#47 C:\\xampp\\htdocs\\elan-travel\\vendor\\laravel\\framework\\src\\Illuminate\\Pipeline\\Pipeline.php(180): Illuminate\\Foundation\\Http\\Middleware\\TrimStrings->handle(Object(Illuminate\\Http\\Request), Object(Closure))
#48 C:\\xampp\\htdocs\\elan-travel\\vendor\\laravel\\framework\\src\\Illuminate\\Foundation\\Http\\Middleware\\ValidatePostSize.php(27): Illuminate\\Pipeline\\Pipeline->Illuminate\\Pipeline\\{closure}(Object(Illuminate\\Http\\Request))
#49 C:\\xampp\\htdocs\\elan-travel\\vendor\\laravel\\framework\\src\\Illuminate\\Pipeline\\Pipeline.php(180): Illuminate\\Foundation\\Http\\Middleware\\ValidatePostSize->handle(Object(Illuminate\\Http\\Request), Object(Closure))
#50 C:\\xampp\\htdocs\\elan-travel\\vendor\\laravel\\framework\\src\\Illuminate\\Foundation\\Http\\Middleware\\PreventRequestsDuringMaintenance.php(86): Illuminate\\Pipeline\\Pipeline->Illuminate\\Pipeline\\{closure}(Object(Illuminate\\Http\\Request))
#51 C:\\xampp\\htdocs\\elan-travel\\vendor\\laravel\\framework\\src\\Illuminate\\Pipeline\\Pipeline.php(180): Illuminate\\Foundation\\Http\\Middleware\\PreventRequestsDuringMaintenance->handle(Object(Illuminate\\Http\\Request), Object(Closure))
#52 C:\\xampp\\htdocs\\elan-travel\\vendor\\laravel\\framework\\src\\Illuminate\\Http\\Middleware\\HandleCors.php(49): Illuminate\\Pipeline\\Pipeline->Illuminate\\Pipeline\\{closure}(Object(Illuminate\\Http\\Request))
#53 C:\\xampp\\htdocs\\elan-travel\\vendor\\laravel\\framework\\src\\Illuminate\\Pipeline\\Pipeline.php(180): Illuminate\\Http\\Middleware\\HandleCors->handle(Object(Illuminate\\Http\\Request), Object(Closure))
#54 C:\\xampp\\htdocs\\elan-travel\\vendor\\laravel\\framework\\src\\Illuminate\\Http\\Middleware\\TrustProxies.php(39): Illuminate\\Pipeline\\Pipeline->Illuminate\\Pipeline\\{closure}(Object(Illuminate\\Http\\Request))
#55 C:\\xampp\\htdocs\\elan-travel\\vendor\\laravel\\framework\\src\\Illuminate\\Pipeline\\Pipeline.php(180): Illuminate\\Http\\Middleware\\TrustProxies->handle(Object(Illuminate\\Http\\Request), Object(Closure))
#56 C:\\xampp\\htdocs\\elan-travel\\vendor\\laravel\\framework\\src\\Illuminate\\Pipeline\\Pipeline.php(116): Illuminate\\Pipeline\\Pipeline->Illuminate\\Pipeline\\{closure}(Object(Illuminate\\Http\\Request))
#57 C:\\xampp\\htdocs\\elan-travel\\vendor\\laravel\\framework\\src\\Illuminate\\Foundation\\Http\\Kernel.php(165): Illuminate\\Pipeline\\Pipeline->then(Object(Closure))
#58 C:\\xampp\\htdocs\\elan-travel\\vendor\\laravel\\framework\\src\\Illuminate\\Foundation\\Http\\Kernel.php(134): Illuminate\\Foundation\\Http\\Kernel->sendRequestThroughRouter(Object(Illuminate\\Http\\Request))
#59 C:\\xampp\\htdocs\\elan-travel\\public\\index.php(11): Illuminate\\Foundation\\Http\\Kernel->handle(Object(Illuminate\\Http\\Request))
#60 C:\\xampp\\htdocs\\elan-travel\\vendor\\laravel\\framework\\src\\Illuminate\\Foundation\\resources\\server.php(16): require_once('C:\\\\xampp\\\\htdocs...')
#61 {main}
"} 
[2026-10-01 04:40:09] local.ERROR: SQLSTATE[23000]: Integrity constraint violation: 1052 Column 'status' in where clause is ambiguous (SQL: select sum(`journeys`.`price`) as aggregate from `bookings` inner join `journeys` on `journeys`.`id` = `bookings`.`journey_id` where `status` in (Confirmed, Completed)) {"userId":1,"exception":"[object] (Illuminate\\Database\\QueryException(code: 23000): SQLSTATE[23000]: Integrity constraint violation: 1052 Column 'status' in where clause is ambiguous (SQL: select sum(`journeys`.`price`) as aggregate from `bookings` inner join `journeys` on `journeys`.`id` = `bookings`.`journey_id` where `status` in (Confirmed, Completed)) at C:\\xampp\\htdocs\\elan-travel\\vendor\\laravel\\framework\\src\\Illuminate\\Database\\Connection.php:760)
[stacktrace]
#0 C:\\xampp\\htdocs\\elan-travel\\vendor\\laravel\\framework\\src\\Illuminate\\Database\\Connection.php(720): Illuminate\\Database\\Connection->runQueryCallback('select sum(`jou...', Array, Object(Closure))
#1 C:\\xampp\\htdocs\\elan-travel\\vendor\\laravel\\framework\\src\\Illuminate\\Database\\Connection.php(405): Illuminate\\Database\\Connection->run('select sum(`jou...', Array, Object(Closure))
#2 C:\\xampp\\htdocs\\elan-travel\\vendor\\laravel\\framework\\src\\Illuminate\\Database\\Query\\Builder.php(2705): Illuminate\\Database\\Connection->select('select sum(`jou...', Array, true)
#3 C:\\xampp\\htdocs\\elan-travel\\vendor\\laravel\\framework\\src\\Illuminate\\Database\\Query\\Builder.php(2694): Illuminate\\Database\\Query\\Builder->runSelect()
#4 C:\\xampp\\htdocs\\elan-travel\\vendor\\laravel\\framework\\src\\Illuminate\\Database\\Query\\Builder.php(3230): Illuminate\\Database\\Query\\Builder->Illuminate\\Database\\Query\\{closure}()
#5 C:\\xampp\\htdocs\\elan-travel\\vendor\\laravel\\framework\\src\\Illuminate\\Database\\Query\\Builder.php(2693): Illuminate\\Database\\Query\\Builder->onceWithColumns(Array, Object(Closure))
#6 C:\\xampp\\htdocs\\elan-travel\\vendor\\laravel\\framework\\src\\Illuminate\\Database\\Query\\Builder.php(3157): Illuminate\\Database\\Query\\Builder->get(Array)
#7 C:\\xampp\\htdocs\\elan-travel\\vendor\\laravel\\framework\\src\\Illuminate\\Database\\Query\\Builder.php(3118): Illuminate\\Database\\Query\\Builder->aggregate('sum', Array)
#8 C:\\xampp\\htdocs\\elan-travel\\vendor\\laravel\\framework\\src\\Illuminate\\Database\\Eloquent\\Builder.php(1869): Illuminate\\Database\\Query\\Builder->sum('journeys.price')
#9 C:\\xampp\\htdocs\\elan-travel\\app\\Http\\Controllers\\BookingController.php(23): Illuminate\\Database\\Eloquent\\Builder->__call('sum', Array)
#10 C:\\xampp\\htdocs\\elan-travel\\vendor\\laravel\\framework\\src\\Illuminate\\Routing\\Controller.php(54): App\\Http\\Controllers\\BookingController->dashboard()
#11 C:\\xampp\\htdocs\\elan-travel\\vendor\\laravel\\framework\\src\\Illuminate\\Routing\\ControllerDispatcher.php(43): Illuminate\\Routing\\Controller->callAction('dashboard', Array)
#12 C:\\xampp\\htdocs\\elan-travel\\vendor\\laravel\\framework\\src\\Illuminate\\Routing\\Route.php(259): Illuminate\\Routing\\ControllerDispatcher->dispatch(Object(Illuminate\\Routing\\Route), Object(App\\Http\\Controllers\\BookingController), 'dashboard')
#13 C:\\xampp\\htdocs\\elan-travel\\vendor\\laravel\\framework\\src\\Illuminate\\Routing\\Route.php(205): Illuminate\\Routing\\Route->runController()
#14 C:\\xampp\\htdocs\\elan-travel\\vendor\\laravel\\framework\\src\\Illuminate\\Routing\\Router.php(798): Illuminate\\Routing\\Route->run()
#15 C:\\xampp\\htdocs\\elan-travel\\vendor\\laravel\\framework\\src\\Illuminate\\Pipeline\\Pipeline.php(141): Illuminate\\Routing\\Router->Illuminate\\Routing\\{closure}(Object(Illuminate\\Http\\Request))
#16 C:\\xampp\\htdocs\\elan-travel\\app\\Http\\Middleware\\EnsureAdmin.php(11): Illuminate\\Pipeline\\Pipeline->Illuminate\\Pipeline\\{closure}(Object(Illuminate\\Http\\Request))
#17 C:\\xampp\\htdocs\\elan-travel\\vendor\\laravel\\framework\\src\\Illuminate\\Pipeline\\Pipeline.php(180): App\\Http\\Middleware\\EnsureAdmin->handle(Object(Illuminate\\Http\\Request), Object(Closure))
#18 C:\\xampp\\htdocs\\elan-travel\\vendor\\laravel\\framework\\src\\Illuminate\\Routing\\Middleware\\SubstituteBindings.php(50): Illuminate\\Pipeline\\Pipeline->Illuminate\\Pipeline\\{closure}(Object(Illuminate\\Http\\Request))
#19 C:\\xampp\\htdocs\\elan-travel\\vendor\\laravel\\framework\\src\\Illuminate\\Pipeline\\Pipeline.php(180): Illuminate\\Routing\\Middleware\\SubstituteBindings->handle(Object(Illuminate\\Http\\Request), Object(Closure))
#20 C:\\xampp\\htdocs\\elan-travel\\vendor\\laravel\\framework\\src\\Illuminate\\Auth\\Middleware\\Authenticate.php(44): Illuminate\\Pipeline\\Pipeline->Illuminate\\Pipeline\\{closure}(Object(Illuminate\\Http\\Request))
#21 C:\\xampp\\htdocs\\elan-travel\\vendor\\laravel\\framework\\src\\Illuminate\\Pipeline\\Pipeline.php(180): Illuminate\\Auth\\Middleware\\Authenticate->handle(Object(Illuminate\\Http\\Request), Object(Closure))
#22 C:\\xampp\\htdocs\\elan-travel\\vendor\\laravel\\framework\\src\\Illuminate\\Foundation\\Http\\Middleware\\VerifyCsrfToken.php(78): Illuminate\\Pipeline\\Pipeline->Illuminate\\Pipeline\\{closure}(Object(Illuminate\\Http\\Request))
#23 C:\\xampp\\htdocs\\elan-travel\\vendor\\laravel\\framework\\src\\Illuminate\\Pipeline\\Pipeline.php(180): Illuminate\\Foundation\\Http\\Middleware\\VerifyCsrfToken->handle(Object(Illuminate\\Http\\Request), Object(Closure))
#24 C:\\xampp\\htdocs\\elan-travel\\vendor\\laravel\\framework\\src\\Illuminate\\View\\Middleware\\ShareErrorsFromSession.php(49): Illuminate\\Pipeline\\Pipeline->Illuminate\\Pipeline\\{closure}(Object(Illuminate\\Http\\Request))
#25 C:\\xampp\\htdocs\\elan-travel\\vendor\\laravel\\framework\\src\\Illuminate\\Pipeline\\Pipeline.php(180): Illuminate\\View\\Middleware\\ShareErrorsFromSession->handle(Object(Illuminate\\Http\\Request), Object(Closure))
#26 C:\\xampp\\htdocs\\elan-travel\\vendor\\laravel\\framework\\src\\Illuminate\\Session\\Middleware\\StartSession.php(121): Illuminate\\Pipeline\\Pipeline->Illuminate\\Pipeline\\{closure}(Object(Illuminate\\Http\\Request))
#27 C:\\xampp\\htdocs\\elan-travel\\vendor\\laravel\\framework\\src\\Illuminate\\Session\\Middleware\\StartSession.php(64): Illuminate\\Session\\Middleware\\StartSession->handleStatefulRequest(Object(Illuminate\\Http\\Request), Object(Illuminate\\Session\\Store), Object(Closure))
#28 C:\\xampp\\htdocs\\elan-travel\\vendor\\laravel\\framework\\src\\Illuminate\\Pipeline\\Pipeline.php(180): Illuminate\\Session\\Middleware\\StartSession->handle(Object(Illuminate\\Http\\Request), Object(Closure))
#29 C:\\xampp\\htdocs\\elan-travel\\vendor\\laravel\\framework\\src\\Illuminate\\Cookie\\Middleware\\AddQueuedCookiesToResponse.php(37): Illuminate\\Pipeline\\Pipeline->Illuminate\\Pipeline\\{closure}(Object(Illuminate\\Http\\Request))
#30 C:\\xampp\\htdocs\\elan-travel\\vendor\\laravel\\framework\\src\\Illuminate\\Pipeline\\Pipeline.php(180): Illuminate\\Cookie\\Middleware\\AddQueuedCookiesToResponse->handle(Object(Illuminate\\Http\\Request), Object(Closure))
#31 C:\\xampp\\htdocs\\elan-travel\\vendor\\laravel\\framework\\src\\Illuminate\\Cookie\\Middleware\\EncryptCookies.php(67): Illuminate\\Pipeline\\Pipeline->Illuminate\\Pipeline\\{closure}(Object(Illuminate\\Http\\Request))
#32 C:\\xampp\\htdocs\\elan-travel\\vendor\\laravel\\framework\\src\\Illuminate\\Pipeline\\Pipeline.php(180): Illuminate\\Cookie\\Middleware\\EncryptCookies->handle(Object(Illuminate\\Http\\Request), Object(Closure))
#33 C:\\xampp\\htdocs\\elan-travel\\vendor\\laravel\\framework\\src\\Illuminate\\Pipeline\\Pipeline.php(116): Illuminate\\Pipeline\\Pipeline->Illuminate\\Pipeline\\{closure}(Object(Illuminate\\Http\\Request))
#34 C:\\xampp\\htdocs\\elan-travel\\vendor\\laravel\\framework\\src\\Illuminate\\Routing\\Router.php(797): Illuminate\\Pipeline\\Pipeline->then(Object(Closure))
#35 C:\\xampp\\htdocs\\elan-travel\\vendor\\laravel\\framework\\src\\Illuminate\\Routing\\Router.php(776): Illuminate\\Routing\\Router->runRouteWithinStack(Object(Illuminate\\Routing\\Route), Object(Illuminate\\Http\\Request))
#36 C:\\xampp\\htdocs\\elan-travel\\vendor\\laravel\\framework\\src\\Illuminate\\Routing\\Router.php(740): Illuminate\\Routing\\Router->runRoute(Object(Illuminate\\Http\\Request), Object(Illuminate\\Routing\\Route))
#37 C:\\xampp\\htdocs\\elan-travel\\vendor\\laravel\\framework\\src\\Illuminate\\Routing\\Router.php(729): Illuminate\\Routing\\Router->dispatchToRoute(Object(Illuminate\\Http\\Request))
#38 C:\\xampp\\htdocs\\elan-travel\\vendor\\laravel\\framework\\src\\Illuminate\\Foundation\\Http\\Kernel.php(190): Illuminate\\Routing\\Router->dispatch(Object(Illuminate\\Http\\Request))
#39 C:\\xampp\\htdocs\\elan-travel\\vendor\\laravel\\framework\\src\\Illuminate\\Pipeline\\Pipeline.php(141): Illuminate\\Foundation\\Http\\Kernel->Illuminate\\Foundation\\Http\\{closure}(Object(Illuminate\\Http\\Request))
#40 C:\\xampp\\htdocs\\elan-travel\\vendor\\laravel\\framework\\src\\Illuminate\\Foundation\\Http\\Middleware\\TransformsRequest.php(21): Illuminate\\Pipeline\\Pipeline->Illuminate\\Pipeline\\{closure}(Object(Illuminate\\Http\\Request))
#41 C:\\xampp\\htdocs\\elan-travel\\vendor\\laravel\\framework\\src\\Illuminate\\Foundation\\Http\\Middleware\\ConvertEmptyStringsToNull.php(31): Illuminate\\Foundation\\Http\\Middleware\\TransformsRequest->handle(Object(Illuminate\\Http\\Request), Object(Closure))
#42 C:\\xampp\\htdocs\\elan-travel\\vendor\\laravel\\framework\\src\\Illuminate\\Pipeline\\Pipeline.php(180): Illuminate\\Foundation\\Http\\Middleware\\ConvertEmptyStringsToNull->handle(Object(Illuminate\\Http\\Request), Object(Closure))
#43 C:\\xampp\\htdocs\\elan-travel\\vendor\\laravel\\framework\\src\\Illuminate\\Foundation\\Http\\Middleware\\TransformsRequest.php(21): Illuminate\\Pipeline\\Pipeline->Illuminate\\Pipeline\\{closure}(Object(Illuminate\\Http\\Request))
#44 C:\\xampp\\htdocs\\elan-travel\\vendor\\laravel\\framework\\src\\Illuminate\\Foundation\\Http\\Middleware\\TrimStrings.php(40): Illuminate\\Foundation\\Http\\Middleware\\TransformsRequest->handle(Object(Illuminate\\Http\\Request), Object(Closure))
#45 C:\\xampp\\htdocs\\elan-travel\\vendor\\laravel\\framework\\src\\Illuminate\\Pipeline\\Pipeline.php(180): Illuminate\\Foundation\\Http\\Middleware\\TrimStrings->handle(Object(Illuminate\\Http\\Request), Object(Closure))
#46 C:\\xampp\\htdocs\\elan-travel\\vendor\\laravel\\framework\\src\\Illuminate\\Foundation\\Http\\Middleware\\ValidatePostSize.php(27): Illuminate\\Pipeline\\Pipeline->Illuminate\\Pipeline\\{closure}(Object(Illuminate\\Http\\Request))
#47 C:\\xampp\\htdocs\\elan-travel\\vendor\\laravel\\framework\\src\\Illuminate\\Pipeline\\Pipeline.php(180): Illuminate\\Foundation\\Http\\Middleware\\ValidatePostSize->handle(Object(Illuminate\\Http\\Request), Object(Closure))
#48 C:\\xampp\\htdocs\\elan-travel\\vendor\\laravel\\framework\\src\\Illuminate\\Foundation\\Http\\Middleware\\PreventRequestsDuringMaintenance.php(86): Illuminate\\Pipeline\\Pipeline->Illuminate\\Pipeline\\{closure}(Object(Illuminate\\Http\\Request))
#49 C:\\xampp\\htdocs\\elan-travel\\vendor\\laravel\\framework\\src\\Illuminate\\Pipeline\\Pipeline.php(180): Illuminate\\Foundation\\Http\\Middleware\\PreventRequestsDuringMaintenance->handle(Object(Illuminate\\Http\\Request), Object(Closure))
#50 C:\\xampp\\htdocs\\elan-travel\\vendor\\laravel\\framework\\src\\Illuminate\\Http\\Middleware\\HandleCors.php(49): Illuminate\\Pipeline\\Pipeline->Illuminate\\Pipeline\\{closure}(Object(Illuminate\\Http\\Request))
#51 C:\\xampp\\htdocs\\elan-travel\\vendor\\laravel\\framework\\src\\Illuminate\\Pipeline\\Pipeline.php(180): Illuminate\\Http\\Middleware\\HandleCors->handle(Object(Illuminate\\Http\\Request), Object(Closure))
#52 C:\\xampp\\htdocs\\elan-travel\\vendor\\laravel\\framework\\src\\Illuminate\\Http\\Middleware\\TrustProxies.php(39): Illuminate\\Pipeline\\Pipeline->Illuminate\\Pipeline\\{closure}(Object(Illuminate\\Http\\Request))
#53 C:\\xampp\\htdocs\\elan-travel\\vendor\\laravel\\framework\\src\\Illuminate\\Pipeline\\Pipeline.php(180): Illuminate\\Http\\Middleware\\TrustProxies->handle(Object(Illuminate\\Http\\Request), Object(Closure))
#54 C:\\xampp\\htdocs\\elan-travel\\vendor\\laravel\\framework\\src\\Illuminate\\Pipeline\\Pipeline.php(116): Illuminate\\Pipeline\\Pipeline->Illuminate\\Pipeline\\{closure}(Object(Illuminate\\Http\\Request))
#55 C:\\xampp\\htdocs\\elan-travel\\vendor\\laravel\\framework\\src\\Illuminate\\Foundation\\Http\\Kernel.php(165): Illuminate\\Pipeline\\Pipeline->then(Object(Closure))
#56 C:\\xampp\\htdocs\\elan-travel\\vendor\\laravel\\framework\\src\\Illuminate\\Foundation\\Http\\Kernel.php(134): Illuminate\\Foundation\\Http\\Kernel->sendRequestThroughRouter(Object(Illuminate\\Http\\Request))
#57 C:\\xampp\\htdocs\\elan-travel\\public\\index.php(11): Illuminate\\Foundation\\Http\\Kernel->handle(Object(Illuminate\\Http\\Request))
#58 C:\\xampp\\htdocs\\elan-travel\\vendor\\laravel\\framework\\src\\Illuminate\\Foundation\\resources\\server.php(16): require_once('C:\\\\xampp\\\\htdocs...')
#59 {main}

[previous exception] [object] (PDOException(code: 23000): SQLSTATE[23000]: Integrity constraint violation: 1052 Column 'status' in where clause is ambiguous at C:\\xampp\\htdocs\\elan-travel\\vendor\\laravel\\framework\\src\\Illuminate\\Database\\Connection.php:414)
[stacktrace]
#0 C:\\xampp\\htdocs\\elan-travel\\vendor\\laravel\\framework\\src\\Illuminate\\Database\\Connection.php(414): PDO->prepare('select sum(`jou...')
#1 C:\\xampp\\htdocs\\elan-travel\\vendor\\laravel\\framework\\src\\Illuminate\\Database\\Connection.php(753): Illuminate\\Database\\Connection->Illuminate\\Database\\{closure}('select sum(`jou...', Array)
#2 C:\\xampp\\htdocs\\elan-travel\\vendor\\laravel\\framework\\src\\Illuminate\\Database\\Connection.php(720): Illuminate\\Database\\Connection->runQueryCallback('select sum(`jou...', Array, Object(Closure))
#3 C:\\xampp\\htdocs\\elan-travel\\vendor\\laravel\\framework\\src\\Illuminate\\Database\\Connection.php(405): Illuminate\\Database\\Connection->run('select sum(`jou...', Array, Object(Closure))
#4 C:\\xampp\\htdocs\\elan-travel\\vendor\\laravel\\framework\\src\\Illuminate\\Database\\Query\\Builder.php(2705): Illuminate\\Database\\Connection->select('select sum(`jou...', Array, true)
#5 C:\\xampp\\htdocs\\elan-travel\\vendor\\laravel\\framework\\src\\Illuminate\\Database\\Query\\Builder.php(2694): Illuminate\\Database\\Query\\Builder->runSelect()
#6 C:\\xampp\\htdocs\\elan-travel\\vendor\\laravel\\framework\\src\\Illuminate\\Database\\Query\\Builder.php(3230): Illuminate\\Database\\Query\\Builder->Illuminate\\Database\\Query\\{closure}()
#7 C:\\xampp\\htdocs\\elan-travel\\vendor\\laravel\\framework\\src\\Illuminate\\Database\\Query\\Builder.php(2693): Illuminate\\Database\\Query\\Builder->onceWithColumns(Array, Object(Closure))
#8 C:\\xampp\\htdocs\\elan-travel\\vendor\\laravel\\framework\\src\\Illuminate\\Database\\Query\\Builder.php(3157): Illuminate\\Database\\Query\\Builder->get(Array)
#9 C:\\xampp\\htdocs\\elan-travel\\vendor\\laravel\\framework\\src\\Illuminate\\Database\\Query\\Builder.php(3118): Illuminate\\Database\\Query\\Builder->aggregate('sum', Array)
#10 C:\\xampp\\htdocs\\elan-travel\\vendor\\laravel\\framework\\src\\Illuminate\\Database\\Eloquent\\Builder.php(1869): Illuminate\\Database\\Query\\Builder->sum('journeys.price')
#11 C:\\xampp\\htdocs\\elan-travel\\app\\Http\\Controllers\\BookingController.php(23): Illuminate\\Database\\Eloquent\\Builder->__call('sum', Array)
#12 C:\\xampp\\htdocs\\elan-travel\\vendor\\laravel\\framework\\src\\Illuminate\\Routing\\Controller.php(54): App\\Http\\Controllers\\BookingController->dashboard()
#13 C:\\xampp\\htdocs\\elan-travel\\vendor\\laravel\\framework\\src\\Illuminate\\Routing\\ControllerDispatcher.php(43): Illuminate\\Routing\\Controller->callAction('dashboard', Array)
#14 C:\\xampp\\htdocs\\elan-travel\\vendor\\laravel\\framework\\src\\Illuminate\\Routing\\Route.php(259): Illuminate\\Routing\\ControllerDispatcher->dispatch(Object(Illuminate\\Routing\\Route), Object(App\\Http\\Controllers\\BookingController), 'dashboard')
#15 C:\\xampp\\htdocs\\elan-travel\\vendor\\laravel\\framework\\src\\Illuminate\\Routing\\Route.php(205): Illuminate\\Routing\\Route->runController()
#16 C:\\xampp\\htdocs\\elan-travel\\vendor\\laravel\\framework\\src\\Illuminate\\Routing\\Router.php(798): Illuminate\\Routing\\Route->run()
#17 C:\\xampp\\htdocs\\elan-travel\\vendor\\laravel\\framework\\src\\Illuminate\\Pipeline\\Pipeline.php(141): Illuminate\\Routing\\Router->Illuminate\\Routing\\{closure}(Object(Illuminate\\Http\\Request))
#18 C:\\xampp\\htdocs\\elan-travel\\app\\Http\\Middleware\\EnsureAdmin.php(11): Illuminate\\Pipeline\\Pipeline->Illuminate\\Pipeline\\{closure}(Object(Illuminate\\Http\\Request))
#19 C:\\xampp\\htdocs\\elan-travel\\vendor\\laravel\\framework\\src\\Illuminate\\Pipeline\\Pipeline.php(180): App\\Http\\Middleware\\EnsureAdmin->handle(Object(Illuminate\\Http\\Request), Object(Closure))
#20 C:\\xampp\\htdocs\\elan-travel\\vendor\\laravel\\framework\\src\\Illuminate\\Routing\\Middleware\\SubstituteBindings.php(50): Illuminate\\Pipeline\\Pipeline->Illuminate\\Pipeline\\{closure}(Object(Illuminate\\Http\\Request))
#21 C:\\xampp\\htdocs\\elan-travel\\vendor\\laravel\\framework\\src\\Illuminate\\Pipeline\\Pipeline.php(180): Illuminate\\Routing\\Middleware\\SubstituteBindings->handle(Object(Illuminate\\Http\\Request), Object(Closure))
#22 C:\\xampp\\htdocs\\elan-travel\\vendor\\laravel\\framework\\src\\Illuminate\\Auth\\Middleware\\Authenticate.php(44): Illuminate\\Pipeline\\Pipeline->Illuminate\\Pipeline\\{closure}(Object(Illuminate\\Http\\Request))
#23 C:\\xampp\\htdocs\\elan-travel\\vendor\\laravel\\framework\\src\\Illuminate\\Pipeline\\Pipeline.php(180): Illuminate\\Auth\\Middleware\\Authenticate->handle(Object(Illuminate\\Http\\Request), Object(Closure))
#24 C:\\xampp\\htdocs\\elan-travel\\vendor\\laravel\\framework\\src\\Illuminate\\Foundation\\Http\\Middleware\\VerifyCsrfToken.php(78): Illuminate\\Pipeline\\Pipeline->Illuminate\\Pipeline\\{closure}(Object(Illuminate\\Http\\Request))
#25 C:\\xampp\\htdocs\\elan-travel\\vendor\\laravel\\framework\\src\\Illuminate\\Pipeline\\Pipeline.php(180): Illuminate\\Foundation\\Http\\Middleware\\VerifyCsrfToken->handle(Object(Illuminate\\Http\\Request), Object(Closure))
#26 C:\\xampp\\htdocs\\elan-travel\\vendor\\laravel\\framework\\src\\Illuminate\\View\\Middleware\\ShareErrorsFromSession.php(49): Illuminate\\Pipeline\\Pipeline->Illuminate\\Pipeline\\{closure}(Object(Illuminate\\Http\\Request))
#27 C:\\xampp\\htdocs\\elan-travel\\vendor\\laravel\\framework\\src\\Illuminate\\Pipeline\\Pipeline.php(180): Illuminate\\View\\Middleware\\ShareErrorsFromSession->handle(Object(Illuminate\\Http\\Request), Object(Closure))
#28 C:\\xampp\\htdocs\\elan-travel\\vendor\\laravel\\framework\\src\\Illuminate\\Session\\Middleware\\StartSession.php(121): Illuminate\\Pipeline\\Pipeline->Illuminate\\Pipeline\\{closure}(Object(Illuminate\\Http\\Request))
#29 C:\\xampp\\htdocs\\elan-travel\\vendor\\laravel\\framework\\src\\Illuminate\\Session\\Middleware\\StartSession.php(64): Illuminate\\Session\\Middleware\\StartSession->handleStatefulRequest(Object(Illuminate\\Http\\Request), Object(Illuminate\\Session\\Store), Object(Closure))
#30 C:\\xampp\\htdocs\\elan-travel\\vendor\\laravel\\framework\\src\\Illuminate\\Pipeline\\Pipeline.php(180): Illuminate\\Session\\Middleware\\StartSession->handle(Object(Illuminate\\Http\\Request), Object(Closure))
#31 C:\\xampp\\htdocs\\elan-travel\\vendor\\laravel\\framework\\src\\Illuminate\\Cookie\\Middleware\\AddQueuedCookiesToResponse.php(37): Illuminate\\Pipeline\\Pipeline->Illuminate\\Pipeline\\{closure}(Object(Illuminate\\Http\\Request))
#32 C:\\xampp\\htdocs\\elan-travel\\vendor\\laravel\\framework\\src\\Illuminate\\Pipeline\\Pipeline.php(180): Illuminate\\Cookie\\Middleware\\AddQueuedCookiesToResponse->handle(Object(Illuminate\\Http\\Request), Object(Closure))
#33 C:\\xampp\\htdocs\\elan-travel\\vendor\\laravel\\framework\\src\\Illuminate\\Cookie\\Middleware\\EncryptCookies.php(67): Illuminate\\Pipeline\\Pipeline->Illuminate\\Pipeline\\{closure}(Object(Illuminate\\Http\\Request))
#34 C:\\xampp\\htdocs\\elan-travel\\vendor\\laravel\\framework\\src\\Illuminate\\Pipeline\\Pipeline.php(180): Illuminate\\Cookie\\Middleware\\EncryptCookies->handle(Object(Illuminate\\Http\\Request), Object(Closure))
#35 C:\\xampp\\htdocs\\elan-travel\\vendor\\laravel\\framework\\src\\Illuminate\\Pipeline\\Pipeline.php(116): Illuminate\\Pipeline\\Pipeline->Illuminate\\Pipeline\\{closure}(Object(Illuminate\\Http\\Request))
#36 C:\\xampp\\htdocs\\elan-travel\\vendor\\laravel\\framework\\src\\Illuminate\\Routing\\Router.php(797): Illuminate\\Pipeline\\Pipeline->then(Object(Closure))
#37 C:\\xampp\\htdocs\\elan-travel\\vendor\\laravel\\framework\\src\\Illuminate\\Routing\\Router.php(776): Illuminate\\Routing\\Router->runRouteWithinStack(Object(Illuminate\\Routing\\Route), Object(Illuminate\\Http\\Request))
#38 C:\\xampp\\htdocs\\elan-travel\\vendor\\laravel\\framework\\src\\Illuminate\\Routing\\Router.php(740): Illuminate\\Routing\\Router->runRoute(Object(Illuminate\\Http\\Request), Object(Illuminate\\Routing\\Route))
#39 C:\\xampp\\htdocs\\elan-travel\\vendor\\laravel\\framework\\src\\Illuminate\\Routing\\Router.php(729): Illuminate\\Routing\\Router->dispatchToRoute(Object(Illuminate\\Http\\Request))
#40 C:\\xampp\\htdocs\\elan-travel\\vendor\\laravel\\framework\\src\\Illuminate\\Foundation\\Http\\Kernel.php(190): Illuminate\\Routing\\Router->dispatch(Object(Illuminate\\Http\\Request))
#41 C:\\xampp\\htdocs\\elan-travel\\vendor\\laravel\\framework\\src\\Illuminate\\Pipeline\\Pipeline.php(141): Illuminate\\Foundation\\Http\\Kernel->Illuminate\\Foundation\\Http\\{closure}(Object(Illuminate\\Http\\Request))
#42 C:\\xampp\\htdocs\\elan-travel\\vendor\\laravel\\framework\\src\\Illuminate\\Foundation\\Http\\Middleware\\TransformsRequest.php(21): Illuminate\\Pipeline\\Pipeline->Illuminate\\Pipeline\\{closure}(Object(Illuminate\\Http\\Request))
#43 C:\\xampp\\htdocs\\elan-travel\\vendor\\laravel\\framework\\src\\Illuminate\\Foundation\\Http\\Middleware\\ConvertEmptyStringsToNull.php(31): Illuminate\\Foundation\\Http\\Middleware\\TransformsRequest->handle(Object(Illuminate\\Http\\Request), Object(Closure))
#44 C:\\xampp\\htdocs\\elan-travel\\vendor\\laravel\\framework\\src\\Illuminate\\Pipeline\\Pipeline.php(180): Illuminate\\Foundation\\Http\\Middleware\\ConvertEmptyStringsToNull->handle(Object(Illuminate\\Http\\Request), Object(Closure))
#45 C:\\xampp\\htdocs\\elan-travel\\vendor\\laravel\\framework\\src\\Illuminate\\Foundation\\Http\\Middleware\\TransformsRequest.php(21): Illuminate\\Pipeline\\Pipeline->Illuminate\\Pipeline\\{closure}(Object(Illuminate\\Http\\Request))
#46 C:\\xampp\\htdocs\\elan-travel\\vendor\\laravel\\framework\\src\\Illuminate\\Foundation\\Http\\Middleware\\TrimStrings.php(40): Illuminate\\Foundation\\Http\\Middleware\\TransformsRequest->handle(Object(Illuminate\\Http\\Request), Object(Closure))
#47 C:\\xampp\\htdocs\\elan-travel\\vendor\\laravel\\framework\\src\\Illuminate\\Pipeline\\Pipeline.php(180): Illuminate\\Foundation\\Http\\Middleware\\TrimStrings->handle(Object(Illuminate\\Http\\Request), Object(Closure))
#48 C:\\xampp\\htdocs\\elan-travel\\vendor\\laravel\\framework\\src\\Illuminate\\Foundation\\Http\\Middleware\\ValidatePostSize.php(27): Illuminate\\Pipeline\\Pipeline->Illuminate\\Pipeline\\{closure}(Object(Illuminate\\Http\\Request))
#49 C:\\xampp\\htdocs\\elan-travel\\vendor\\laravel\\framework\\src\\Illuminate\\Pipeline\\Pipeline.php(180): Illuminate\\Foundation\\Http\\Middleware\\ValidatePostSize->handle(Object(Illuminate\\Http\\Request), Object(Closure))
#50 C:\\xampp\\htdocs\\elan-travel\\vendor\\laravel\\framework\\src\\Illuminate\\Foundation\\Http\\Middleware\\PreventRequestsDuringMaintenance.php(86): Illuminate\\Pipeline\\Pipeline->Illuminate\\Pipeline\\{closure}(Object(Illuminate\\Http\\Request))
#51 C:\\xampp\\htdocs\\elan-travel\\vendor\\laravel\\framework\\src\\Illuminate\\Pipeline\\Pipeline.php(180): Illuminate\\Foundation\\Http\\Middleware\\PreventRequestsDuringMaintenance->handle(Object(Illuminate\\Http\\Request), Object(Closure))
#52 C:\\xampp\\htdocs\\elan-travel\\vendor\\laravel\\framework\\src\\Illuminate\\Http\\Middleware\\HandleCors.php(49): Illuminate\\Pipeline\\Pipeline->Illuminate\\Pipeline\\{closure}(Object(Illuminate\\Http\\Request))
#53 C:\\xampp\\htdocs\\elan-travel\\vendor\\laravel\\framework\\src\\Illuminate\\Pipeline\\Pipeline.php(180): Illuminate\\Http\\Middleware\\HandleCors->handle(Object(Illuminate\\Http\\Request), Object(Closure))
#54 C:\\xampp\\htdocs\\elan-travel\\vendor\\laravel\\framework\\src\\Illuminate\\Http\\Middleware\\TrustProxies.php(39): Illuminate\\Pipeline\\Pipeline->Illuminate\\Pipeline\\{closure}(Object(Illuminate\\Http\\Request))
#55 C:\\xampp\\htdocs\\elan-travel\\vendor\\laravel\\framework\\src\\Illuminate\\Pipeline\\Pipeline.php(180): Illuminate\\Http\\Middleware\\TrustProxies->handle(Object(Illuminate\\Http\\Request), Object(Closure))
#56 C:\\xampp\\htdocs\\elan-travel\\vendor\\laravel\\framework\\src\\Illuminate\\Pipeline\\Pipeline.php(116): Illuminate\\Pipeline\\Pipeline->Illuminate\\Pipeline\\{closure}(Object(Illuminate\\Http\\Request))
#57 C:\\xampp\\htdocs\\elan-travel\\vendor\\laravel\\framework\\src\\Illuminate\\Foundation\\Http\\Kernel.php(165): Illuminate\\Pipeline\\Pipeline->then(Object(Closure))
#58 C:\\xampp\\htdocs\\elan-travel\\vendor\\laravel\\framework\\src\\Illuminate\\Foundation\\Http\\Kernel.php(134): Illuminate\\Foundation\\Http\\Kernel->sendRequestThroughRouter(Object(Illuminate\\Http\\Request))
#59 C:\\xampp\\htdocs\\elan-travel\\public\\index.php(11): Illuminate\\Foundation\\Http\\Kernel->handle(Object(Illuminate\\Http\\Request))
#60 C:\\xampp\\htdocs\\elan-travel\\vendor\\laravel\\framework\\src\\Illuminate\\Foundation\\resources\\server.php(16): require_once('C:\\\\xampp\\\\htdocs...')
#61 {main}
"} 
